:020000040800F2
:1000000000500020C19400080D5A0008155A00083D
:100010001D5A0008255A00082D5A0008000000004B
:10002000000000000000000000000000355A000839
:10003000415A0008000000004D5A0008595A0008B3
:100040000995000809950008099500080995000818
:10005000099500080995000809950008655A0008E7
:1000600009950008099500080995000809950008F8
:10007000755A0008895A0008099500080995000872
:1000800009950008099500080995000809950008D8
:1000900009950008099500080995000809950008C8
:1000A000099500089D5A000809950008099500085F
:1000B00009950008099500080995000809950008A8
:1000C0000995000809950008099500080995000898
:1000D000099500080995000809950008B15A00081B
:1000E000099500080995000809950008000000001E
:1000F0000000000000000000000000000000000000
:0C01000000000000000000005FF808F1A3
:1001100010B5054C237833B9044B13B10448AFF341
:1001200000800123237010BD200200200000000089
:100130004C98000808B5034B1BB103490348AFF3C3
:10014000008008BD00000000240200204C98000838
:10015000034613F8012B002AFBD1181A0138704707
:1001600081F0004102E000BF83F0004330B54FEA68
:1001700041044FEA430594EA050F08BF90EA020FD5
:100180001FBF54EA000C55EA020C7FEA645C7FEA68
:10019000655C00F0E2804FEA5454D4EB5555B8BF8B
:1001A0006D420CDD2C4480EA020281EA030382EAFC
:1001B000000083EA010180EA020281EA0303362D8E
:1001C00088BF30BD11F0004F4FEA01314FF4801C61
:1001D0004CEA113102D0404261EB410113F0004F73
:1001E0004FEA03334CEA133302D0524263EB43032A
:1001F00094EA050F00F0A780A4F10104D5F1200EC8
:100200000DDB02FA0EFC22FA05F2801841F1000122
:1002100003FA0EF2801843FA05F359410EE0A5F1F6
:1002200020050EF1200E012A03FA0EFC28BF4CF027
:10023000020C43FA05F3C01851EBE37101F00045DD
:1002400007D54FF0000EDCF1000C7EEB00006EEBEA
:100250000101B1F5801F1BD3B1F5001F0CD3490874
:100260005FEA30004FEA3C0C04F101044FEA4452CB
:1002700012F5800F80F09A80BCF1004F08BF5FEA52
:10028000500C50F1000041EB045141EA050130BD32
:100290005FEA4C0C404141EB0101013C28BFB1F544
:1002A000801FE9D291F0000F04BF01460020B1FA8F
:1002B00081F308BF2033A3F10B03B3F120020CDA62
:1002C0000C3208DD02F1140CC2F10C0201FA0CF040
:1002D00021FA02F10CE002F11402D8BFC2F1200CA5
:1002E00001FA02F120FA0CFCDCBF41EA0C0190405B
:1002F000E41AA2BF01EB0451294330BD6FEA0404A4
:100300001F3C1CDA0C340EDC04F11404C4F120028E
:1003100020FA04F001FA02F340EA030021FA04F3A0
:1003200045EA030130BDC4F10C04C4F1200220FAF7
:1003300002F001FA04F340EA0300294630BD21FA35
:1003400004F0294630BD94F0000F83F4801306BFFB
:1003500081F480110134013D4EE77FEA645C18BFEF
:100360007FEA655C29D094EA050F08BF90EA020F86
:1003700005D054EA000C04BF1946104630BD91EA7E
:10038000030F1EBF0021002030BD5FEA545C05D181
:100390004000494128BF41F0004130BD14F58004C0
:1003A0003CBF01F5801130BD01F0004545F0FE4134
:1003B00041F470014FF0000030BD7FEA645C1ABF69
:1003C000194610467FEA655C1CBF0B46024650EAA0
:1003D000013406BF52EA033591EA030F41F40021CC
:1003E00030BD00BF90F0000F04BF0021704730B552
:1003F0004FF4806404F132044FF000054FF0000127
:1004000050E700BF90F0000F04BF0021704730B5E7
:100410004FF4806404F1320410F0004548BF4042BC
:100420004FF000013EE700BF42004FEAE2014FEA11
:1004300031014FEA02701FBF12F07F4393F07F4FEC
:1004400081F06051704732F07F4208BF704793F0EF
:100450007F4F04BF41F40021704730B54FF4607402
:1004600001F0004521F000411CE700BF50EA010205
:1004700008BF704730B54FF000050AE050EA0102AE
:1004800008BF704730B511F0004502D5404261EB1E
:1004900041014FF4806404F132045FEA915C3FF45F
:1004A000D8AE4FF003025FEADC0C18BF03325FEAFC
:1004B000DC0C18BF033202EBDC02C2F1200300FAAD
:1004C00003FC20FA02F001FA03FE40EA0E0021FAD2
:1004D00002F11444BDE600BF70B54FF0FF0C4CF4C0
:1004E000E06C1CEA11541DBF1CEA135594EA0C0F72
:1004F00095EA0C0F00F0DEF82C4481EA030621EAAD
:100500004C5123EA4C5350EA013518BF52EA0335E7
:1005100041F4801143F4801338D0A0FB02CE4FF099
:100520000005E1FB02E506F00042E0FB03E54FF0C9
:100530000006E1FB03569CF0000F18BF4EF0010EC1
:10054000A4F1FF04B6F5007F64F5407404D25FEABD
:100550004E0E6D4146EB060642EAC62141EA555170
:100560004FEAC52040EA5E504FEACE2EB4F1FD0CB2
:1005700088BFBCF5E06F1ED8BEF1004F08BF5FEA30
:10058000500E50F1000041EB045170BD06F00046E2
:1005900046EA010140EA020081EA0301B4EB5C048F
:1005A000C2BFD4EB0C0541EA045170BD41F4801187
:1005B0004FF0000E013C00F3AB8014F1360FDEBFAC
:1005C000002001F0004170BDC4F10004203C35DA88
:1005D0000C341BDC04F11404C4F1200500FA05F30B
:1005E00020FA04F001FA05F240EA020001F00042AC
:1005F00021F0004110EBD37021FA04F642EB060122
:100600005EEA430E08BF20EAD37070BDC4F10C044B
:10061000C4F1200500FA04F320FA05F001FA04F20F
:1006200040EA020001F0004110EBD37041F10001FB
:100630005EEA430E08BF20EAD37070BDC4F1200506
:1006400000FA05F24EEA020E20FA04F301FA05F26E
:1006500043EA020321FA04F001F0004121FA04F216
:1006600020EA020000EBD3705EEA430E08BF20EAE6
:10067000D37070BD94F0000F0FD101F00046400020
:1006800041EB010111F4801F08BF013CF7D041EAA2
:10069000060195F0000F18BF704703F000465200A6
:1006A00043EB030313F4801F08BF013DF7D043EA77
:1006B0000603704794EA0C0F0CEA135518BF95EA2D
:1006C0000C0F0CD050EA410618BF52EA4306D1D1B4
:1006D00081EA030101F000414FF0000070BD50EAD3
:1006E000410606BF1046194652EA430619D094EA5D
:1006F0000C0F02D150EA013613D195EA0C0F05D147
:1007000052EA03361CBF104619460AD181EA03019A
:1007100001F0004141F0FE4141F470014FF0000052
:1007200070BD41F0FE4141F4780170BD70B54FF0ED
:10073000FF0C4CF4E06C1CEA11541DBF1CEA13556D
:1007400094EA0C0F95EA0C0F00F0A7F8A4EB05044F
:1007500081EA030E52EA03354FEA013100F0888046
:100760004FEA03334FF0805545EA131343EA12630F
:100770004FEA022245EA111545EA10654FEA0026C4
:100780000EF000419D4208BF964244F1FD0404F57D
:10079000407402D25B084FEA3202B61A65EB0305D9
:1007A0005B084FEA32024FF480104FF4002CB6EB96
:1007B000020E75EB030E22BFB61A754640EA0C0016
:1007C0005B084FEA3202B6EB020E75EB030E22BF56
:1007D000B61A754640EA5C005B084FEA3202B6EB97
:1007E000020E75EB030E22BFB61A754640EA9C0056
:1007F0005B084FEA3202B6EB020E75EB030E22BF26
:10080000B61A754640EADC0055EA060E18D04FEAE3
:10081000051545EA16754FEA06164FEAC30343EA83
:1008200052734FEAC2025FEA1C1CC0D111F4801F50
:100830000BD141EA00014FF000004FF0004CB6E749
:1008400011F4801F04BF01430020B4F1FD0C88BFE8
:10085000BCF5E06F3FF6AFAEB5EB030C04BFB6EBF3
:10086000020C5FEA500C50F1000041EB045170BDE6
:100870000EF0004E4EEA113114EB5C04C2BFD4EB13
:100880000C0541EA045170BD41F480114FF0000E97
:10089000013C90E645EA060E8DE60CEA135594EA13
:1008A0000C0F08BF95EA0C0F3FF43BAF94EA0C0F16
:1008B0000AD150EA01347FF434AF95EA0C0F7FF48B
:1008C00025AF104619462CE795EA0C0F06D152EADF
:1008D00003353FF4FDAE1046194622E750EA4106C3
:1008E00018BF52EA43067FF4C5AE50EA41047FF4D4
:1008F0000DAF52EA43057FF4EBAE12E74FF0FF3C39
:1009000006E000BF4FF0010C02E000BF4FF0010C09
:100910004DF804CD4FEA410C7FEA6C5C4FEA430C82
:1009200018BF7FEA6C5C1BD001B050EA410C0CBFD1
:1009300052EA430C91EA030F02BF90EA020F002033
:10094000704710F1000F91EA030F58BF994208BF9A
:1009500090422CBFD8176FEAE37040F00100704757
:100960004FEA410C7FEA6C5C02D150EA013C07D1AE
:100970004FEA430C7FEA6C5CD6D152EA033CD3D0F9
:100980005DF8040B704700BF8446104662468C46F3
:100990001946634600E000BF01B5FFF7B7FF002826
:1009A00048BF10F1000F01BD4DF808EDFFF7F4FF4F
:1009B0000CBF012000205DF808FB00BF4DF808EDDA
:1009C000FFF7EAFF34BF012000205DF808FB00BFFD
:1009D0004DF808EDFFF7E0FF94BF012000205DF81F
:1009E00008FB00BF4DF808EDFFF7CEFF94BF0120D4
:1009F00000205DF808FB00BF4DF808EDFFF7C4FFCD
:100A000034BF012000205DF808FB00BF4FEA410C15
:100A10007FEA6C5C02D150EA013C0AD14FEA430CF8
:100A20007FEA6C5C02D152EA033C02D14FF0000035
:100A300070474FF0010070474FEA410212F5001273
:100A400015D211D56FF47873B3EB625212D94FEA15
:100A5000C12343F0004343EA505311F0004F23FAFF
:100A600002F018BF404270474FF00000704750EA54
:100A7000013005D111F0004008BF6FF00040704711
:100A80004FF00000704700BF4FEA4102B2F1E0436F
:100A900024BFB3F5001CDCF1FE5C0DD901F0004C65
:100AA0004FEAC0024CEA5070B2F1004F40EB8300B5
:100AB00008BF20F00100704711F0804F21D113F1E1
:100AC0003872BCBF01F00040704741F480114FEA1A
:100AD0005252C2F11802C2F1200C10FA0CF320FAA3
:100AE00002F018BF40F001004FEAC1234FEAD323C0
:100AF00003FA0CFC40EA0C0023FA02F34FEA43032A
:100B0000CCE77FEA625307D150EA01331EBF4FF0B2
:100B1000FE4040F44000704701F0004040F0FE40CD
:100B200040F40000704700BF80F0004002E000BFCA
:100B300081F0004142001FBF5FEA410392EA030FC8
:100B40007FEA226C7FEA236C6AD04FEA1262D2EB12
:100B50001363C1BFD218414048404140B8BF5B4217
:100B6000192B88BF704710F0004F40F4000020F0B0
:100B70007F4018BF404211F0004F41F4000121F0C6
:100B80007F4118BF494292EA030F3FD0A2F1010210
:100B900041FA03FC10EB0C00C3F1200301FA03F14E
:100BA00000F0004302D5494260EB4000B0F5000F71
:100BB00013D3B0F1807F06D340084FEA310102F130
:100BC0000102FE2A51D2B1F1004F40EBC25008BFE2
:100BD00020F0010040EA03007047490040EB0000AC
:100BE000013A28BFB0F5000FEDD2B0FA80FCACF1AD
:100BF000080CB2EB0C0200FA0CF0AABF00EBC250DA
:100C000052421843BCBFD0401843704792F0000FC7
:100C100081F4000106BF80F400000132013BB5E71A
:100C20004FEA41037FEA226C18BF7FEA236C21D090
:100C300092EA030F04D092F0000F08BF08467047F5
:100C400090EA010F1CBF0020704712F07F4F04D1C3
:100C5000400028BF40F00040704712F100723CBFD6
:100C600000F50000704700F0004343F0FE4040F400
:100C7000000070477FEA226216BF08467FEA2363BE
:100C80000146420206BF5FEA412390EA010F40F4A9
:100C9000800070474FF0000304E000BF10F00043F5
:100CA00048BF40425FEA000C08BF704743F09643DC
:100CB00001464FF000001CE050EA010208BF7047F7
:100CC0004FF000030AE000BF50EA010208BF70477E
:100CD00011F0004302D5404261EB41015FEA010C93
:100CE00002BF84460146002043F0B64308BFA3F18B
:100CF0008053A3F50003BCFA8CF2083AA3EBC2536D
:100D000010DB01FA02FC634400FA02FCC2F120028B
:100D1000BCF1004F20FA02F243EB020008BF20F0C2
:100D20000100704702F1200201FA02FCC2F1200228
:100D300050EA4C0021FA02F243EB020008BF20EA1D
:100D4000DC7070474FF0FF3C06E000BF4FF0010C35
:100D500002E000BF4FF0010C4DF804CD4FEA400215
:100D60004FEA41037FEA226C18BF7FEA236C11D05F
:100D700001B052EA530C18BF90EA010F58BFB2EB12
:100D8000030088BFC81738BF6FEAE17018BF40F092
:100D9000010070477FEA226C02D15FEA402C05D146
:100DA0007FEA236CE4D15FEA412CE1D05DF8040BCB
:100DB000704700BF844608466146FFE70FB5FFF75E
:100DC000C9FF002848BF10F1000F0FBD4DF808ED16
:100DD000FFF7F4FF0CBF012000205DF808FB00BF07
:100DE0004DF808EDFFF7EAFF34BF012000205DF861
:100DF00008FB00BF4DF808EDFFF7E0FF94BF0120AE
:100E000000205DF808FB00BF4DF808EDFFF7D2FFAA
:100E100094BF012000205DF808FB00BF4DF808EDED
:100E2000FFF7C8FF34BF012000205DF808FB00BFBA
:100E30004FEA4002B2F1FE4F0FD34FF09E03B3EBE7
:100E400012620DD94FEA002343F0004310F0004F27
:100E500023FA02F018BF404270474FF0000070477D
:100E600012F1610F01D1420205D110F0004008BF1C
:100E70006FF0004070474FF000007047002B2DE9E5
:100E8000F0471D46BBBF03F100431D4600232D2341
:100E900088B01446B8BF1446129A109E1370149B63
:100EA000DDF84CA023F02008B8F1460F05D0B8F1CA
:100EB000450F00D10136022300E0032307AA049264
:100EC00006AACDE902A2CDE9003622462B4600F063
:100ED00047FEB8F1470F074619D1119BDB070ED526
:100EE00000EB06090022002320462946FFF75CFD9F
:100EF00008B1CDF81C903022079B4B451ED33846D5
:100F0000079B159ADB1B136008B0BDE8F087B8F1AA
:100F1000460F00EB0609E5D10378302B0AD10022F9
:100F2000002320462946FFF73FFD18B9C6F1010608
:100F3000CAF80060DAF800309944D3E7591C0791E9
:100F40001A70D9E7F7B50029B6BF2D232B234942E4
:100F500009290270437029DD0DF107031D460A2798
:100F6000B1FBF7F61A4607FB1614303402F8014CB1
:100F70000C46632C314603F1FF33F1DC3031941E13
:100F800003F8011C2346411CAB420AD30DF10903AF
:100F90009B1AAC4288BF002302330344181A03B0E3
:100FA000F0BD13F8016B01F8016FEDE7302330312C
:100FB0008370C170031DF1E72DE9F04F91B00C462D
:100FC000DDF8688016461F46054600F0C1FC036840
:100FD00018460893FFF7BCF800230E93D8F80030AA
:100FE0000990073323F0070303F1080294F818A0CF
:100FF000D4F800B0C8F80020D3E9008929F00043F4
:101000000B93CDF828804FF0FF32DDE90A01C4E9E7
:1010100012899C4BFFF7FAFC70BBDDE90A014FF027
:10102000FF32984BFFF7D4FC30BB00220023404630
:101030004946FFF7C3FC10B12D2384F84330924A90
:10104000924BBAF1470F94BF9046984603234FF056
:10105000000923612BF00403236033462146284610
:1010600000970FAA00F0D4F9013040F090804FF0C3
:10107000FF3011B0BDE8F08F42464B46404649462E
:10108000FFF7C4FC48B14B46002BB8BF2D23804A64
:10109000B8BF84F843307F4BD3E763680AF0DF01C1
:1010A0005A1C3FD10623636000224BF48063236007
:1010B00006920EAACDE904A20DAA03920DF1330205
:1010C000CDE9013263684246009328464B460A91B7
:1010D000FFF7D4FE0A99804647290D9928D1C81CEC
:1010E00002DB6368994240DDAAF1020A5FFA8AFADC
:1010F0005246013904F150000D91FFF723FF0E9A7B
:1011000081461318012A236102DC2268D20701D527
:10111000013323619DF83330002B9ED02D2384F8BA
:1011200043309AE74729BFD1002BBDD10123BAE74D
:10113000BAF1650FDCD9BAF1660F18D100296368DE
:101140000BDD216113B92268D00702D501330B44AE
:1011500023614FF00009A165DCE713B92268D207CB
:1011600001D50233F4E70123F2E74FF0670A0E9B43
:10117000994205DB23682161D807EAD54B1CE7E7D4
:101180000029CCBF0122C1F102021344E0E7236829
:101190005A0507D42369424631462846B8470130EC
:1011A0002BD164E7BAF1650F40F2DC80D4E912017B
:1011B00000220023FFF7F8FB002833D0012331463B
:1011C0002846354AB84701303FF451AFDDE90D38C4
:1011D000434502DB2368D8070FD5DDE908233146F4
:1011E0002846B84701303FF442AF4FF0000908F1FC
:1011F000FF3804F11A0AC84509DC23689B0700F18F
:101200000281E0680F9B9842B8BF184631E701237E
:10121000524631462846B84701303FF428AF09F11D
:101220000109E8E70D9B002B38DC012331462846F5
:10123000194AB84701303FF41AAFDDE90D3959EAD0
:10124000030302D12368D907D7D5DDE90823314646
:101250002846B84701303FF40AAF4FF0000A04F1C6
:101260001A0B0D9B5B42534501DC4B4693E7012370
:101270005A4631462846B84701303FF4F8AE0AF1E5
:10128000010AEEE7FFFFEF7FBB980008BF98000858
:10129000C3980008C7980008CB980008A36DDDF834
:1012A00038A05345A8BF5346002B994636DC4FF073
:1012B000000B29EAE97904F11A02A36D0A93A3EB62
:1012C00009035B4531DC0D9B9A453ADC2368DA075C
:1012D00037D40D9BAAEB03090A9BAAEB030399459C
:1012E000A8BF9946B9F1000F33DC4FF0000829EA96
:1012F000E97904F11A0B0D9BAAEB0303A3EB090395
:1013000043457FF77AAF01235A4631462846B8470E
:1013100001303FF4ACAE08F10108ECE7424631463B
:101320002846B8470130C2D1A1E6012331462846FC
:101330000A92B84701303FF49AAE0A9A0BF1010BBA
:10134000BBE73146DDE908232846B8470130C0D164
:101350008DE60A9A4B46314628464244B84701304A
:10136000C3D184E6DDF838A0BAF1010F01DCDB0758
:1013700036D50123424631462846B84701303FF46E
:1013800076AEDDE9082331462846B84701303FF400
:101390006EAED4E91201002200230AF1FF3AFFF7F2
:1013A00003FBC0B9534608F1010231462846B8474D
:1013B00001300CD15BE601235A4631462846B84736
:1013C00001303FF454AE08F10108D045F3DB4B4641
:1013D00004F15002E0E64FF0000804F11A0BF4E7C4
:1013E00001234246E1E701234A4631462846B847F1
:1013F00001303FF43CAE08F10108E3680F995B1A35
:101400004345F0DCFDE64FF0000804F11909F4E76C
:101410002DE9F047164698468A680B6907469342BD
:10142000B8BF1346336091F843200C46DDF8209096
:101430000AB1013333602368990642BF336802332F
:101440003360256815F0060506D104F1190AE36832
:1014500032689B1AAB422BDC94F843302268003B85
:1014600018BF0123920630D44146384604F14302A6
:10147000C847013023D02368226903F00603042BF8
:1014800014BF002533684FF0000608BFE56804F17B
:101490001A0408BFED1A54F8123C08BF25EAE57596
:1014A0009342C4BF9B1AED18B5421AD1002008E040
:1014B0000123524641463846C847013003D14FF018
:1014C000FF30BDE8F0870135C1E73020E11881F831
:1014D00043005A1C94F845102244023382F843100A
:1014E000C2E70123224641463846C8470130E6D0CC
:1014F0000136D9E72DE9FF470F7E9146782F8046C8
:101500000C469A460C9E01F1430207D8622F0AD876
:10151000002F00F0D380582F00F0BA8004F142066B
:1015200084F842703AE0A7F16303152BF6D801A1C5
:1015300051F823F08D150008A11500081D150008AD
:101540001D1500081D1500081D150008A11500082F
:101550001D1500081D1500081D1500081D150008A3
:10156000A3160008CB1500085D1600081D1500081D
:101570001D150008C51600081D150008CB1500082C
:101580001D1500081D1500086516000833681A1D92
:101590001B68326004F1420684F8423001239EE069
:1015A00033682068191D3160060601D51D6803E007
:1015B0004506FBD5B3F90050002D03DA2D236D420B
:1015C00084F843300A23594811E02168336808063B
:1015D00053F8045B02D4490648BFADB26F2F3360A5
:1015E00014BF0A2308235148002184F84310666879
:1015F000002EA8BF2168A660A4BF21F004012160CD
:101600000DB9002E4BD01646B5FBF3F103FB115775
:10161000C75D06F8017D2F46BB420D46F4D9082B65
:101620000BD12368DF0708D5236961689942DEBFC3
:10163000302306F8013C06F1FF36921B22614B462F
:1016400021464046CDF800A003AAFFF7E1FE013095
:101650004AD14FF0FF3004B0BDE8F087236843F073
:10166000200323607827324884F845702368316866
:101670001F0651F8045B02D45F0648BFADB231606B
:10168000D90744BF43F0200323601DB11023ABE70B
:101690002648E9E7236823F020032360F6E716468F
:1016A000BDE733682568181D616930602E061B6828
:1016B00001D5196002E06806FBD5198000231646A3
:1016C0002361BCE7336800211A1D32601E6862681E
:1016D000304600F0AEF908B1801B6060636823619A
:1016E000002384F84330AAE732464946404623693E
:1016F000D0470130ADD023689B0713D4E068039B2B
:101700009842B8BF1846A6E70123324649464046EC
:10171000D04701309DD00135E36803995B1AAB4295
:10172000F2DCEBE7002504F11906F5E7CD98000897
:10173000DE980008002310B50446C0E90033C0E974
:101740000433836081814366C28183611946082224
:101750005C3000F0F4F80D4B246263620C4BA36222
:101760000C4BE3620C4B23630C4B9C4206D003F101
:101770006802944202D0D0339C4205D104F1580053
:10178000BDE8104000F052B910BD00BFB918000804
:10179000DB18000813190008371900083C02002064
:1017A000024A0349034800F069B800BF0000002066
:1017B000FD3000081000002041680C4B10B5994224
:1017C000044601D001F09AFCA168094B994202D06D
:1017D000204601F093FCE168064B994204D0204674
:1017E000BDE8104001F08ABC10BD00BF3C020020E3
:1017F000A40200200C03002010B50B4B0B4C0C4A2C
:1018000020461A6004210022FFF794FF04F16800CB
:1018100001220921FFF78EFF04F1D0000222BDE86A
:1018200010401221FFF786BF740300203C02002005
:10183000A1170008014800F0FAB800BF7D0300209E
:10184000014800F0F5B800BF7D03002010B5044644
:10185000FFF7F0FF236A1BB1BDE81040FFF7F0BFB0
:10186000044B2362044B1B68002BF5D1FFF7C4FF28
:10187000F2E700BFB9170008740300202DE9F84310
:101880000746884614460026D4E90195B9F10109B6
:1018900005D52468002CF7D13046BDE8F883AB8924
:1018A000012B07D9B5F90E30013303D0294638464C
:1018B000C04706436835E9E710B50C46B1F90E108C
:1018C00000F06CF80028ABBF636DA3891B1823F4EC
:1018D0008053ACBF6365A38110BD2DE9F0411F4665
:1018E0008B890546DB050C46164605D502230022EA
:1018F000B1F90E1000F040F8A389324623F480536A
:10190000A38128463B46B4F90E10BDE8F04100F033
:1019100057B810B50C46B1F90E1000F02DF8431C65
:10192000A38915BF606523F4805343F48053A381DA
:1019300018BFA38110BDB1F90E1000F00DB8034619
:101940000244934200D1704703F8011BF9E70000FD
:10195000004870474C01002038B50023054D04466F
:1019600008462B6007F07BFD431C02D12B6803B1B6
:10197000236038BD7803002038B504460846114678
:101980000022054D2A601A4607F08DFD431C02D146
:101990002B6803B1236038BD7803002038B50446B6
:1019A000084611460022054D2A601A4607F01EFD22
:1019B000431C02D12B6803B1236038BD780300209B
:1019C00038B50446084611460022054D2A601A46DD
:1019D00007F029FD431C02D12B6803B1236038BDF9
:1019E0007803002070B500260C4D0D4C641BA4102C
:1019F000A64209D107F02AFF00260A4D0A4C641BB3
:101A0000A410A64205D170BD55F8043B9847013695
:101A1000EEE755F8043B98470136F2E754A2000878
:101A200054A2000854A2000858A20008704770474A
:101A30007047034610B5C9B202449342184601D11B
:101A4000002003E0047801338C42F6D110BD2DE96B
:101A5000F74F03690C690746A3427EDB013CA300F4
:101A600000F1140501F11408009305EB84030193C0
:101A700058F8243055F8242001339A42B2FBF3F68B
:101A800008EB84092ED34FF0000AC446AE46D34675
:101A90005CF8043B98B206FB00A01B0C020C06FB92
:101AA0000323DEF8002080B292B2121A5A44DEF804
:101AB00000004FEA134A9BB2C3EB224303EB1043EF
:101AC00092B242EA0342E1454FEA234B4EF8042B1F
:101AD000DED2009BEB582BB9019B043B9D421A467A
:101AE0002FD33C61384601F081F9002825DB2946D7
:101AF000002058F8042BD1F800C01FFA82FE1FFA0C
:101B00008CF3A3EB0E030344120CC2EB234202EB53
:101B10001C429BB243EA0243C1454FEA224041F8CE
:101B2000043BE6D255F8242005EB840322B9043B9C
:101B30009D421A460BD33C610136304603B0BDE8E6
:101B4000F08F1268043B002ACBD1013CC6E7126833
:101B5000043B002AEFD1013CEAE70020EEE7000059
:101B60002DE9F04F14461D46C76997B08346CDE96D
:101B70000245239E7FB9102000F002FE0246CBF8FA
:101B80001C0020B9EF21A84BA84801F0FDFAC0E9DC
:101B900001770760C760DBF81C30196859B15A68D3
:101BA000012393404A608B60584600F0E7FE002214
:101BB000DBF81C301A602B1EAFBF0023012223F07C
:101BC00000430393A8BF3360DDF80C80984BB8BF87
:101BD000326033EA080312D142F20F73229A136083
:101BE000C8F31303234300F05085249BDFF844A27D
:101BF000002B00F052850AF1030300F04CBDDDE933
:101C00000223CDE90C23DDE90C0100220023FEF7BD
:101C1000CBFE074658B10123229A1360249B13B1CF
:101C2000854B249A1360DFF814A200F036BD14AB84
:101C3000019315AB00935846DDE90C2301F086F9BA
:101C4000C8F30A568146002E77D0DDE90C010D9BC2
:101C5000A6F2FF36C3F3130343F07F5343F440135C
:101C6000129719460022764BFEF77EFA68A3D3E955
:101C70000023FEF731FC68A3D3E90023FEF776FAD0
:101C8000044630460D46FEF7BDFB65A3D3E90023AD
:101C9000FEF722FC02460B4620462946FEF766FA6E
:101CA00004460D46FEF7C8FE0022074600232046E4
:101CB0002946FEF783FE40B13846FEF7A3FB2246D5
:101CC0002B46FEF771FE00B9013F162F53D8DDE910
:101CD0000C015C4B03EBC703D3E90023FEF76EFE58
:101CE00000284AD00023013F0F93149B9B1B5A1ED0
:101CF00046BFC3F1010800234FF00008099248BF16
:101D00000993002F3BDB099B0E973B44099300236B
:101D10000A93209B092B66D8052BC4BF043B209354
:101D2000209BC8BF0024A3F10203D8BF0124032BCA
:101D300064D8DFE803F02B383656DDE914631E441F
:101D400006F23243202BC1BFC3F1400308FA03F867
:101D500006F2124324FA03F3D6BFC3F1200348EA84
:101D6000030004FA03F0FEF73DFB0122A1F1F87332
:101D7000013E129275E70123B6E70F90B5E77B426B
:101D80000A930023A8EB07080E93C2E700230B93E6
:101D9000219B002B35DC01231A46CDE90733219224
:101DA0000BE00123F3E700230B93219BFB1808931F
:101DB0000133012B0793B8BF012300210422DBF874
:101DC0001C0002F114059D421FD94160584600F0E5
:101DD00095FD8246002839D1024640F2AF111A4BD8
:101DE000D2E60123E0E7012400230B9420934FF077
:101DF000FF330022CDE907331223D0E701230B93F1
:101E0000F5E7219BCDE90733D7E701315200D8E749
:101E100061436F63A787D23FB3C8608B288AC63FF0
:101E2000FB799F501344D33FFC9800081399000896
:101E30000000F07FF8980008CC980008CB980008C4
:101E40000000F83F109A00086B990008DBF81C307E
:101E50001860079B0E2B00F2A480002C00F0A180DC
:101E6000002F33DD864B07F00F0203EBC203F805AA
:101E7000D3E90034CDE904344FEA271416D5DDE95F
:101E80000C01804B0326D3E90823FEF74FFCCDE974
:101E9000020104F00F047B4D54B9DDE90423DDE9B0
:101EA0000201FEF743FCCDE9020128E00226F2E739
:101EB000E10708D5DDE90401D5E90023FEF70CFBB5
:101EC000CDE90401013664100835E5E700F0D28061
:101ED000DDE90C017C426A4B04F00F0203EBC20304
:101EE000D3E90023FEF7F8FA02260023CDE9020128
:101EF000644D2411002C40F0B280002BD3D1DDE9D9
:101F000002450F9B002B00F0B78000222046294697
:101F10005D4BFEF753FD002800F0AE80079B002BC1
:101F200000F0AA80089B002B37DD7B1E204604931F
:101F300000222946554BFEF7CFFACDE90201089C55
:101F400001363046FEF75EFADDE90223FEF7C4FAF9
:101F500000224F4BFEF70AF90546A1F15076002CFE
:101F600040F09A80DDE9020100224A4BFEF7FCF8BE
:101F700002460B46CDE902232A463346FEF73CFDD6
:101F8000002840F08E82DDE902012A4606F1004376
:101F9000FEF714FD002840F02781DDE90C34CDE97F
:101FA0000234159B002BC0F263810E2F00F3608179
:101FB000334B03EBC703D3E90034CDE90434219B51
:101FC000002B03DA079B002B40F30081DDE902457B
:101FD0005646DDE9042320462946FEF7A7FBFEF717
:101FE0002BFD8046FEF70EFADDE90423FEF774FAB6
:101FF00002460B4620462946FEF7B6F808F13004A3
:10200000079D06F8014BA6EB0A04A54202460B46C3
:1020100040F01681FEF7AAF8DDE9042304460D46D8
:10202000FEF7EAFC002840F0F880DDE904232046B2
:102030002946FEF7B9FC18B118F0010F40F0ED8009
:102040004946584600F09AFC00233370229B013722
:102050001F60249B002B00F020831E601DE3E2071D
:1020600005D5D5E90023FEF737FA012301366410C0
:1020700008353FE7022642E7079C049761E700BF67
:10208000109A0008E89900080000F03F0000244082
:1020900000001C4000001440704B0B9903EBC4037C
:1020A00053E902235444002945D000206C49FEF72F
:1020B0003DFB33462A46FEF757F85646CDE9100158
:1020C000DDE90201FEF7B8FC0546FEF79BF9024682
:1020D0000B46DDE90201FEF747F802460B463035B4
:1020E000CDE90223DDE9102306F8015BFEF766FC6B
:1020F000002863D1DDE9022300205A49FEF734F8B5
:10210000DDE91023FEF75AFC002840F08780A64244
:102110003FF443AFDDE910010022534BFEF7DCF939
:102120000022CDE91001DDE902014F4BFEF7D4F9A1
:10213000CDE90201C4E731462846FEF7CDF95646FF
:10214000CDE910011394DDE90201FEF775FC0546A7
:10215000FEF758F902460B46DDE90201FEF704F8E6
:1021600002460B46303506F8015BA642CDE9022354
:102170004FF0000224D1DDE91001394BFDF7F6FFE5
:1021800002460B46DDE90201FEF736FC002845D188
:10219000DDE9102300203249FDF7E6FF02460B4639
:1021A000DDE90201FEF70AFC00283FF4F6AE139EBB
:1021B000731E139316F8013C302BF8D0049F3FE7B1
:1021C000294BFEF789F9CDE90201BCE70CD1DDE925
:1021D00004010022254BFEF77FF9DDE90223FEF71B
:1021E00001FC002800F05B8100242546219B564617
:1021F000DB43049300272146584600F0BFFB002D27
:10220000DCD02FB1AF4203D03946584600F0B6FBC0
:102210002946584600F0B2FBD0E7049733461E46E5
:1022200013F8012D392A07D19A45F8D1049A0132C1
:10223000049230228AF800201A7801321A70BDE721
:102240000022094BFEF748F90022002304460D4600
:10225000FEF7AAFB00283FF4BCAEF1E6109A000896
:102260000000E03F0000F03F000024400000144068
:102270000B9A002A00F0DB80209A012A00F3BF802D
:10228000129A002A00F0B78003F2334346460A9CB4
:10229000099A01211A4458469844099200F022FCF8
:1022A00005465EB1099B002B08DDB342A8BF33464B
:1022B000099AA8EB0308F61AD31A09930A9BF3B1FB
:1022C0000B9B002B00F0B7808CB129462246584664
:1022D00000F0C6FC4A4601460546584600F018FC88
:1022E00049460490584600F049FB049B99460A9BD6
:1022F0001A1B04D04946584600F0B2FC8146012121
:10230000584600F0EFFB0E9B0446002B00F0C981FD
:102310001A460146584600F0A3FC209B0446012BB8
:1023200000F38F80029B002B40F08780039BC3F358
:102330001303002B40F08380039B23F000431B0D0D
:102340001B052BB1099B08F10108013309930123F7
:102350000A930E9B002B00F0AA81236904EB8303F0
:10236000186900F073FBC0F12000099B184410F0BD
:102370001F0071D0C0F12003042B65DD099BC0F163
:102380001C000344804406440993B8F1000F05DDA6
:1023900049464246584600F0BDFC8146099B002B49
:1023A00005DD21461A46584600F0B4FC04460F9B52
:1023B000002B53D02146484600F018FD00284DDA86
:1023C0007B1E494604930A220023584600F0F8FA7F
:1023D0000B9B8146002B00F06C81002329460A22CA
:1023E000584600F0EDFA089B0546002B61DC209B67
:1023F000022B3BDC5DE0149BC3F1360346E7079BF1
:102400005C1E0A9BA342BFBF0A9B0E9AE31AD21816
:10241000A8BF1C1B079BBEBF0A940E920024002B72
:10242000B5BFA8EB030646460023079B30E74646A8
:102430000A9C0B9D35E70A9A5CE7002388E7029B1C
:1024400086E700230A9388E79FD0099A1C331A4431
:1024500098441E44099298E70346F6E7079B0497C1
:10246000002B20DC0893209B022B1EDD089B002BF9
:102470007FF4BCAE21460522584600F0A1FA014681
:102480000446484600F0B2FC00287FF7AFAE312387
:10249000564606F8013B049B01330493AAE6079CC9
:1024A00004972546F3E7079B08930B9B002B00F04E
:1024B0000481002E05DD29463246584600F02AFCEC
:1024C00005460A9B002B5AD05846696800F016FA58
:1024D000064628B9024640F2EF21834BFFF754BB72
:1024E0002A6905F10C01023292000C3000F03EFE28
:1024F00001223146584600F00DFC2F4605460AF1F0
:1025000001030793089B53440B93029B03F00103C1
:102510000A93079B2146013B48460293FFF797FA2F
:102520003946089000F13008484600F05FFC2A4622
:1025300009902146584600F075FCC268064602BB69
:102540000146484600F052FC0246314658460C927D
:1025500000F014FA209B0C9A079E43EA02010A9BA2
:10256000194310D1B8F1390F29D0099B002B02DD96
:10257000089B03F13108029B83F800803BE6284664
:10258000BBE70122E1E7099B002B04DB20990B4309
:102590000A990B4320D1002AEDDD49460122584615
:1025A00000F0B8FB2146814600F020FC002803DC47
:1025B000E1D118F0010FDED0B8F1390FD8D13923AD
:1025C000029A137033461E4616F8012C013B392A35
:1025D00052D001321A700EE6002A07DDB8F1390F29
:1025E000EDD0029A08F10103137004E6079B079AE5
:1025F00003F8018C0B9B934228D0494600230A2202
:10260000584600F0DDF9AF4281464FF000034FF02D
:102610000A023946584607D100F0D2F90746054666
:10262000079B0133079374E700F0CAF92946074670
:1026300000230A22584600F0C3F90546F0E7089B3C
:102640000027002BCCBF1E460126564449460122D6
:10265000584600F05FFB2146814600F0C7FB00288A
:10266000B0DC02D118F0010FACD133461E4613F88E
:10267000012D302AFAD0BEE59A45A4D1049B01333E
:10268000049331238AF80030B5E5249BDFF85CA081
:102690001BB10AF10803249A1360504617B0BDE835
:1026A000F08F209B012B7FF73DAE0E9B0A930120FC
:1026B0005BE6089B002B7FF7D6AE56462146484680
:1026C000FFF7C5F900F13008089B06F8018BA6EB6F
:1026D0000A029342B3DD494600230A22584600F01D
:1026E0006FF98146EAE700BF6B990008EF98000890
:1026F00038B50546002940D051F8043C0C1F002B8A
:10270000B8BFE41800F0EEF81C4A136833B96360F0
:1027100014602846BDE8384000F0EAB8A34208D962
:10272000206821188B4201BF19685B680918216075
:10273000EDE71A465B680BB1A342FAD9116850184D
:10274000A0420BD120680144501883421160E0D1AF
:1027500018685B68084410605360DAE702D90C23FC
:102760002B60D6E7206821188B4201BF19685B688F
:102770000918216063605460CBE738BD84030020F2
:10278000024B0146186800F02DB800BF0C00002075
:10279000024B01461868FFF7ABBF00BF0C000020DA
:1027A00070B50F4E0C463168054611B900F0CEFCED
:1027B00030602146284600F0C9FC431C03D14FF08D
:1027C000FF34204670BDC41C24F00304A042F8D09E
:1027D000211A284600F0BAFC0130F2D1EFE700BF21
:1027E000800300202DE9F843CD1C25F003050835B2
:1027F0000C2D38BF0C25002D064601DBA94204D95B
:102800000C2333600020BDE8F883DFF8D48000F0AB
:1028100069F8D8F800301C4644BB29463046FFF71B
:10282000BFFF431C044658D1D8F800402746002F6C
:1028300043D1002C4BD023683946304604EB0309C2
:1028400000F084FC814542D1216830466D1A29464A
:10285000FFF7A6FF01303AD023682B442360D8F855
:1028600000305A6862BBC8F800700FE02268521B43
:1028700020D40B2A17D96119A342256018BF5960CB
:10288000636808BFC8F8001062514B60304600F022
:102890002FF804F10B00231D20F00700C21A1CBF03
:1028A0001B1AA350AFE76268A3420CBFC8F8002010
:1028B0005A60EBE723466468AEE73C467F68B6E7BC
:1028C0001A465B68A342FBD100235360DEE70C236A
:1028D0003046336000F00CF894E70560D6E700BF9F
:1028E000840300200148FFF7A2B800BF7C0300204A
:1028F0000148FFF79DB800BF7C03002070B5C66992
:1029000004460D4676B91020FFF73AFF0246E06113
:1029100020B96B21174B184800F036FCC0E901665E
:102920000660C660E669F36883B1E369DB6853F863
:102930002500B8B9012101FA05F6721D2046920062
:1029400000F040FC60B1C0E901560EE021220421F4
:10295000204600F037FCE369F060DB68002BE4D12F
:10296000002070BD026843F825200023C0E903332E
:10297000F7E700BFFC9800087C99000870B5C669AD
:1029800005460C4676B91020FFF7FAFE0246E861CC
:1029900020B98F21084B094800F0F6FBC0E9016619
:1029A0000660C6603CB1EB696268DB6853F82210D0
:1029B000216043F8224070BDFC9800087C99000813
:1029C0002DE9F04107460C461E4600200D6901F135
:1029D000140CDCF80030013099B202FB01611E0CCE
:1029E0000B0C02FB063389B201EB034185424FEA2F
:1029F00013464CF8041BECDC0EB3A368AB4219DCA5
:102A0000616838460131FFF779FF804628B90246F0
:102A1000BA210C4B0C4800F0B7FB226904F10C0101
:102A2000023292000C3000F0A1FB21463846FFF73D
:102A3000A5FF444604EB850301355E612561204610
:102A4000BDE8F0816B9900087C9900080346B0F559
:102A5000803F3ABF030410200020B3F1807F3CBFC9
:102A60001B020830B3F1805F3CBF1B010430B3F19F
:102A7000804F3CBF9B000230002B05DB13F0804FE2
:102A800000F1010008BF202070470368024613F0E0
:102A900007000BD0D90721D4980749BF5B089B08D2
:102AA000012013605CBF02201360704799B209B91E
:102AB00010201B0CD9B209B908301B0A190704BF32
:102AC0001B090430990704BF9B080230D90703D4BF
:102AD0005B0800F1010003D01360704700207047CD
:102AE0002020704710B50C460121FFF707FF024672
:102AF00028B940F24511044B044800F045FB01237E
:102B00004461036110BD00BF6B9900087C99000807
:102B10002DE9F04F14460A6923690F469A42A2BF75
:102B200023460C461F46D4F810A0D7F81090A3688F
:102B300061680AEB0906B34285B0B8BF0131FFF7FF
:102B4000DDFE30B902464FF4B171434B434800F00B
:102B50001BFB00F114052B46002205EB86084345BC
:102B600021D307F1140104F1140202EB8A0201EBF4
:102B700089030293131B153B23F00303043304F171
:102B80001507BA4238BF04230193029B03918B427D
:102B90000CD8002E03DD58F8043D002B5AD00661F6
:102BA00005B0BDE8F08F43F8042BD8E7B1F800A0DA
:102BB000BAF1000F23D0A9464FF0000C04F1140E17
:102BC0005EF8047BD9F800301FFA87FB9BB20AFB42
:102BD0000B336344D9F800C03F0C4FEA1C4C0AFB8E
:102BE00007C707EB13479BB243EA074372454FEA17
:102BF000174C49F8043BE3D8019B45F803C0039BFD
:102C00000431B3F80290B9F1000F21D0AE464FF075
:102C1000000A2B6804F1140CBCF800B0BEF8027076
:102C20009BB209FB0B77574443EA07434EF8043B3A
:102C30005CF8043B4FEA134ABEF80030624509FBDA
:102C40000A3303EB17434FEA134AE5D8019FEB51D0
:102C500004359AE7013E9CE76B9900087C990008CF
:102C60002DE9F843154612F0030207460E4607D039
:102C7000254C013A002354F82220FFF7A1FE064616
:102C8000AD103DD0FC697CB91020FFF779FD0246FC
:102C9000F86128B940F2B3111C4B1D4800F074FADA
:102CA000C0E901440460C460D7F81C80D8F808402B
:102CB0004CB940F271213846FFF714FF0023044657
:102CC000C8F8080003604FF00009EB070AD5314649
:102CD00022463846FFF71CFF804631463846FFF74C
:102CE0004DFE46466D100BD0206838B9224621466D
:102CF0003846FFF70DFF2060C0F800900446E4E777
:102D00003046BDE8F88300BFD8990008FC98000859
:102D10007C9900082DE9F0470C4607469146236947
:102D2000496803EB6218A3684FEA621A08F10106CA
:102D3000B3420BDB3846FFF7E1FD054648B90246D2
:102D40004FF4EF71274B284800F01EFA01315B0069
:102D5000EEE7002300F1140100F11002184653457C
:102D600033DB20692AEAEA7A04F1140319F01F0917
:102D700001EB8A0103EB800C2BD08A460022C9F1BB
:102D8000200E186800FA09F010434AF8040B53F8B3
:102D9000042B9C4522FA0EF2F3D8ACEB0403153B4E
:102DA00023F00303043304F11500844538BF0423E2
:102DB000CA500AB108F10206013E384621462E618A
:102DC000FFF7DCFD2846BDE8F08742F8040F013329
:102DD000C5E7043953F8042B9C4541F8042FF9D872
:102DE000EAE700BF6B9900087C99000803460A696E
:102DF000006930B5801A0ED11433143103EB82040C
:102E000001EB820154F8045D51F8042D954203D082
:102E100005D24FF0FF3030BDA342F3D3FBE70120D2
:102E2000F9E700002DE9F74F894606461146484666
:102E30001446FFF7DBFF051E12D129463046FFF787
:102E40005DFD024628B940F237213E4B3E4800F076
:102E50009BF90123C0E90435104603B0BDE8F08FAB
:102E6000BCBF4B46A1463046D9F80410BABF1C4639
:102E700001250025FFF742FD024618B940F2452121
:102E8000304BE3E700F1140BD9F8107009F110038F
:102E9000C5604FF0000C09F11405D946266904F10C
:102EA000140E05EB87080EEB86060193019B5EF876
:102EB000040B53F804AF81B201931FFA8AF35B1A33
:102EC000000C6344C0EB1A4000EB23409BB243EA82
:102ED000004376454FEA204C49F8043BE6D8331BC3
:102EE000153B23F0030315340433A64238BF0423F3
:102EF0001D445B441E462C4644450ED308F1030195
:102F0000491B21F00301033DA84538BF00210B44B4
:102F100053F8041D99B117619EE7E64654F8041B67
:102F20001FFA81FCF444080C714400EB2C4089B278
:102F300041EA00414FEA204C46F8041BDCE7013F20
:102F4000E6E700BF6B9900087C9900082DE9734300
:102F5000012190469946089EFFF7D0FC044630B9FF
:102F6000024640F20F31234B234800F00DF9C9F31C
:102F70000A55C9F313030DB143F480130193B8F15B
:102F8000000324D068460093FFF77FFDDDE90012BF
:102F9000D8B1C0F1200302FA03F30B43C2406361CE
:102FA0000192019B002B0CBF01220222A36122612E
:102FB000ADB1A5F2334505443560C0F13500099B3C
:102FC0001860204602B0BDE870836161E9E701A89E
:102FD000FFF75BFD019B012263612030E7E7A0F270
:102FE000324004EB820330601869FFF72FFDC0EB1D
:102FF0004210E4E76B9900087C990008B1F90C20B5
:10300000F8B5160705460C4654D44B68002B02DC75
:103010000B6C002B48DDE66A002E45D0002312F42D
:1030200080522F68216A2B6030D0626DA3895907C6
:1030300005D56368D21A636B0BB1236CD21A0023D7
:103040002846E66A216AB047431CA38906D129684D
:103050001D292BD8284A0A41D60727D400226260AE
:103060002269D904226004D5421C01D12B6803B91E
:103070006065616B2F60B9B104F14403994202D0DD
:103080002846FFF735FB002363630DE00123284644
:10309000B0470246501CC9D12B68002BC6D01D2B4F
:1030A00001D0162B1DD12F60002021E043F04003FA
:1030B0001BB21AE00F69002FF6D0930718BF002348
:1030C0000E6808BF4B69F61B0F608B60002EEBDDAE
:1030D00033463A462846216AD4F828C0E0470028FB
:1030E00007DCB4F90C3043F040034FF0FF30A3810C
:1030F000F8BD0744361AE9E7FEFFBFDF38B50B69B4
:1031000005460C4613B90025284638BD18B1036A98
:103110000BB9FEF79BFBB4F90C30002BF3D0626EB9
:10312000D00704D4990502D4A06DFEF780FC284690
:103130002146FFF763FF636E0546DA07E4D4A389EF
:103140009B05E1D4A06DFEF773FCDDE738B50023E5
:10315000054D044608462B6006F0F0F8431C02D1EA
:103160002B6803B1236038BD780300200A449142E4
:1031700000F1FF3300D1704710B511F8014B9142B7
:1031800003F8014FF9D110BD1FB514461A46094B7B
:1031900005461B68D86854B9074B1C46CDE9013475
:1031A00000912B46054900F041F800F051F8044B1E
:1031B000F4E700BF0C0000201D9B0008EF9A0008F8
:1031C000E29A000870B5A1FB02543CB92946FFF70A
:1031D00009FB064628B90026304670BD0C22026065
:1031E000F9E72A462146FEF7AAFBF5E782B001B9C6
:1031F00001A942B14BB113780B601278101E18BFB1
:10320000012002B070471046FBE76FF00100F8E7BD
:103210000346084641B1FF2A04D98A224FF0FF3005
:103220001A60704701200A70704700000EB403B5A1
:10323000014603AB054853F8042B0068019300F0E6
:1032400035F802B05DF804EB03B070470C000020C5
:10325000062008B500F018FA012006F0BCF89368C3
:1032600010B4013B002B936007DA9469A34201DBA1
:103270000A2902D110BC00F031B91368581C106043
:103280001970084610BC7047F8B506460F4614463C
:10329000D518AC4201D1002007E03A46304614F878
:1032A000011BFFF7DCFF431CF3D1F8BD2DE9F04F04
:1032B0000D461446984606469DB018B1036A0BB9F0
:1032C000FEF7C4FA6B6ED90705D4AB899A0502D410
:1032D000A86DFEF7ACFBAB891B0701D52B699BB929
:1032E0002946304600F038F970B16B6EDC0704D522
:1032F0004FF0FF301DB0BDE8F08FAB899805F7D4D3
:10330000A86DFEF795FBF3E70023099320238DF8C2
:10331000293030234FF00109CDF80C80DFF8A88167
:103320008DF82A3023469A4613F8012B0AB1252A34
:10333000F9D1BAEB040B0BD05B4622462946304646
:10334000FFF7A2FF013000F0A780099A5A440992C2
:103350009AF80030002B00F09F8000234FF0FF32DE
:10336000CDE905230AF1010A049307938DF8533040
:103370001A935446052214F8011B5348FEF759FBD3
:10338000049AD8B9D10644BF20238DF853301307CF
:1033900044BF2B238DF853309AF800302A2B15D0D8
:1033A000544600204FF00A0C079A214611F8013BC1
:1033B000303B092B4BD9B0B1079214E0A0EB0803C6
:1033C00009FA03F31343A2460493D2E7039B191DA2
:1033D0001B680391002BBBBF5B4242F002020793C4
:1033E0000793B8BF049223782E2B0AD163782A2B37
:1033F00032D1039B02341A1D1B68039243EAE37324
:103400000593DFF8C8A0032250462178FEF711FB90
:1034100038B14022049BA0EB0A00824013430134E0
:10342000049314F8011B062229488DF82810FEF792
:1034300000FB00283FD0274B1BBB039B073323F027
:10344000070308330393099B3B4409936AE70C463F
:1034500001200CFB0232A8E700234FF00A0C1946AA
:1034600001340593204610F8012B303A092A03D97C
:10347000002BC6D00591C4E7044601230CFB0121B3
:10348000F0E703AB00932A463046134B04A9FDF73F
:1034900093FD0746781CD6D16B6ED90705D4AB894E
:1034A0009A0502D4A86DFEF7C3FAAB895B063FF517
:1034B0001FAF09981EE703AB00932A463046064B20
:1034C00004A9FEF717F8E4E71F9C0008259C0008F4
:1034D000299C0008B90F000889320008F8B50E468B
:1034E0001446054618B1036A0BB9FEF7AFF9A36994
:1034F000A360A3891A0701D5236943B92146284649
:1035000000F02AF818B14FF0FF373846F8BD2368AD
:103510002269F6B2981A63693746834205DC214670
:103520002846FFF7EBFD0028EDD1A368013BA3601F
:1035300023685A1C22601E706269431C9A4204D0A0
:10354000A389DB07E1D50A2EDFD121462846FFF704
:10355000D5FD0028D9D0D6E738B5294B05461868DF
:103560000C4618B1036A0BB9FEF770F9B4F90C30C8
:10357000190722D4DA0607D409222A6043F040034F
:103580004FF0FF30A38133E0580712D5616B41B192
:1035900004F14403994202D02846FFF7A9F800231A
:1035A0006363A38923F02403A38100236360236959
:1035B0002360A38943F00803A38123694BB9A3893E
:1035C00003F42073B3F5007F03D02146284600F0B2
:1035D000CAF8B4F90C3013F001020AD00022A2603C
:1035E00062695242A261226942B913F08000C5D1DA
:1035F00038BD990758BF6269A260F4E70020F7E779
:103600000C000020884210B501EB020402D984426C
:10361000234607D8431EA14208D011F8012B03F816
:10362000012FF8E7014602448A4200D110BD13F889
:10363000014D02F8014DF7E71F2938B505460C4644
:1036400004D9162303604FF0FF3038BDC26B12B1AE
:1036500052F821304BB9284600F030F82246014696
:103660002846BDE8384000F017B8012B0AD0591C95
:1036700003D1162303600120E7E70021204642F82A
:10368000241098470020E0E7024B01461868FFF736
:10369000D3BF00BF0C00002038B50023064D044600
:1036A000084611462B6005F086FE431C02D12B68AC
:1036B00003B1236038BD00BF7803002005F074BE5D
:1036C0002DE9F041804615460C4621B91146BDE86A
:1036D000F041FFF787B82AB9FFF70AF8002420461F
:1036E000BDE8F08100F09EF88542064602D8B5EBB1
:1036F000500FF4D829464046FFF774F807460028D3
:10370000ECD0B5422A46214628BF3246FFF72EFDAF
:1037100021464046FEF7ECFF3C46E0E770B50C461C
:10372000B1F90E10154600291E4696B00CDAA38991
:10373000002113F0800F14BF40234FF4806300205A
:1037400031602B6016B070BD6A4600F049F8002861
:10375000EDDB019901F47041A1F500535942594143
:103760004FF48063EBE78B89F7B59D0706460C465F
:1037700007D504F14703236023610123636103B08C
:10378000F0BD6A4601ABFFF7C9FF009F0546394609
:103790003046FFF727F848B9B4F90C309A05EED453
:1037A00023F0030343F00203A381E2E7A389C4E902
:1037B000040743F08003A381019B20605BB1304686
:1037C000B4F90E1000F01EF828B1A38923F003030A
:1037D00043F00103A381A3891D43A581CFE7000026
:1037E00038B50023064D0446084611462B6005F007
:1037F00041FE431C02D12B6803B1236038BD00BFDA
:103800007803002038B50023054D044608462B6098
:1038100005F03FFE431C02D12B6803B1236038BD85
:103820007803002051F8043C181F002BBCBF0B5834
:10383000C018704780B500AF3C21084803F010FF66
:103840003C21074803F00CFF0021064803F0C4FDAB
:103850000421044803F0C0FD00BF80BD980500208E
:10386000E00500205005002080B588B000AF034679
:103870003960FB713B68B3F57A7F03DB40F2E733D5
:103880003B6005E03B6813F57A7F01DC394B3B6018
:10389000FB79012B0CD1384BFB610423FB82364BA7
:1038A000BB610823BB82354B3B610023FB600EE00C
:1038B000FB79022B0BD1304BFB611023FB822E4B8B
:1038C000BB612023BB822D4B3B610423FB603B6823
:1038D000002B0CDBFB8A01221946F86903F099F8EA
:1038E000BB8A00221946B86903F093F80EE03B68E2
:1038F000002B0BDAFB8A00221946F86903F089F8DD
:10390000BB8A01221946B86903F083F8FB68002BD3
:1039100008D13B6883EAE372A2EBE3723B691B6860
:103920005A6322E0FB68042B09D13B6883EAE37108
:10393000A1EBE3713B691A680B46936315E0FB68E2
:10394000082B09D13B6883EAE371A1EBE3713B6982
:103950001A680B46D36308E03B6883EAE371A1EB86
:10396000E3713B691A680B46136400BF2037BD46FC
:1039700080BD00BF19FCFFFF00080140500500207A
:1039800080B400AF174B1B685B6A1A46164B1A606F
:10399000144B1B6800225A62144B1B685B6A1A4660
:1039A000134B1A60114B1B6800225A620E4B1B68A6
:1039B000B3F5004F06DB0C4B1B68C3F57F43FF33A9
:1039C000094A13600A4B1B68B3F5004F06DB084B2E
:1039D0001B68C3F57F43FF33054A136000BFBD4634
:1039E00080BC70479805002088030020E005002077
:1039F0008C0300200000000080B582B000AF78602A
:103A00007B68012B03D07B68022B12D023E0164B7E
:103A10001B681846FCF7F6FC11A3D3E90023FCF75A
:103A20005BFD02460B4610461946FDF72DF803468E
:103A300012E00E4B1B681846FCF7E4FC08A3D3E920
:103A40000023FCF749FD02460B4610461946FDF7D8
:103A50001BF8034600E0064B18460837BD4680BDFC
:103A6000265ADBDCE46CC13F880300208C03002075
:103A70000000C07F80B500AF00210120FFF7F4FEF9
:103A800000210220FFF7F0FE00BF80BD80B500AF2F
:103A9000C8210120FFF7E8FEC8210220FFF7E4FE5D
:103AA00000BF80BD80B500AF6FF095010120FFF72A
:103AB000DBFE6FF095010220FFF7D6FE00BF80BD50
:103AC00080B500AF64210120FFF7CEFEC82102209F
:103AD000FFF7CAFE00BF80BD80B500AFC82101203E
:103AE000FFF7C2FE64210220FFF7BEFE00BF80BDCB
:103AF00080B500AF00210120FFF7B6FE962102201D
:103B0000FFF7B2FE00BF80BD80B500AF9621012057
:103B1000FFF7AAFE00210220FFF7A6FE00BF80BD2E
:103B200080B582B000AF78607B680C4A934211D1B7
:103B3000FFF726FF00F020F8094B1B680133084A05
:103B40001360074B1B68632B04DD01F039FA044B4B
:103B500000221A6000BF0837BD4680BD080500205E
:103B60009803002080B500AF024803F08BFB00BF34
:103B700080BD00BF0805002080B400AF064BD3E92C
:103B8000002312F10A0043F10001034BC3E90001D5
:103B900000BFBD4680BC70479003002080B400AFDA
:103BA000034BD3E9002310461946BD4680BC70473D
:103BB0009003002080B500AF32220749074804F087
:103BC0005BFC074B1B681A68054B1B6822F004025C
:103BD0001A6000BF80BD00BF9C03002028060020A3
:103BE0007006002080B584B000AF78600B467B8003
:103BF000554BFB607B68554A934240F0A080FB68C0
:103C00001B78412B02D100F0D9F881E0FB681B78CA
:103C1000432B51D100F0ECF8FB6801331B78413B9A
:103C2000162B46D801A252F823F000BFA13C000891
:103C3000B33C0008B33C0008A73C00089B3C0008CC
:103C4000B33C0008B33C0008B33C0008B33C000898
:103C5000B33C0008B33C0008B33C0008B33C000888
:103C6000B33C0008B33C0008AD3C0008953C00089C
:103C7000B33C00088F3C0008B33C0008B33C00088C
:103C8000B33C0008893C0008FFF700FF40E0FFF765
:103C900009FF3DE0FFF714FF3AE0FFF71DFF37E0B3
:103CA000FFF726FF34E0FFF72FFF31E0FFF7E2FEDA
:103CB0002EE0FFF7DFFE2BE0FB681B784A2B27D1B5
:103CC000FB6801331B78552B06D0552B20DC442B89
:103CD0000ED0522B16D01BE01D4B1B6840F2CD328C
:103CE000934212DC1A4B1B681933194A13600CE01B
:103CF000174B1B68192B0ADD154B1B68193B144A1F
:103D0000136004E001F04AF902E000BF00E000BFE8
:103D1000F868FCF71DFA03469BB21A46F9680B488F
:103D200004F03AFB32220849084804F0A5FB094B8D
:103D30001B681A68074B1B6822F004021A6000BF58
:103D40001037BD4680BD00BF9C0300202806002020
:103D5000040200207006002080B500AF164B1B68DF
:103D6000092B23D801A252F823F000BF953D00088B
:103D70009B3D0008A13D0008AD3D0008AD3D000899
:103D8000AD3D0008AD3D0008AD3D0008AD3D00086B
:103D9000A73D000800F038F80BE000F03FF808E01D
:103DA00000F042F805E000F047F802E000F02CF8DF
:103DB00000BF00BF80BD00BFD003002080B500AFB2
:103DC00000F05CF9084B1B6819460120FFF74CFD19
:103DD000054B1B6819460220FFF746FD034B0122E5
:103DE0001A6000BF80BD00BF04020020D003002085
:103DF00080B400AF034B02221A6000BFBD4680BCF6
:103E0000704700BFD003002080B500AFFFF732FE3F
:103E10004FF47A7002F02EF800BF80BD80B500AF7D
:103E200000F090F900BF80BD80B500AF4FF47A700C
:103E300002F020F800BF80BD80B58EB000AF0D4B02
:103E40001A680D4B1B68381D0C4905F081FB3B1DA2
:103E50001846FCF77DF903469AB23B1D19460848FF
:103E600004F09AFA4FF47A7002F004F800BF383781
:103E7000BD4680BD880300208C03002068980008A0
:103E80002806002080B485B000AFF860B9607A6081
:103E9000FB68BA681A60FB687A685A60FB68184663
:103EA0001437BD4680BC704780B483B000AF7860E3
:103EB0007B681B681A687B685B681340002B14BF23
:103EC00001230023DBB218460C37BD4680BC704787
:103ED00080B485B000AFF860B9607A60FB68BA68FA
:103EE0001A60FB687A685A60FB6818461437BD464A
:103EF00080BC704780B485B000AF786039607B6863
:103F00005A683B681344FB607B681A68FB68002BA7
:103F100000DA1F335B119B001A447B681A60FB6850
:103F20005A4203F01F0302F01F0258BF5342FB60C6
:103F3000FB68002B07DAFB682033FB607B681B689B
:103F40001A1F7B681A60FA687B685A6000BF1437D2
:103F5000BD4680BC704780B582B000AF78607B689A
:103F6000002200211846FFF7B3FF7B681846083788
:103F7000BD4680BD80B584B000AFF860B9607A609E
:103F8000FB687A68B9681846FFF7A2FFFB68184615
:103F90001037BD4680BD80B582B000AF7860396013
:103FA0003B6819683B685B68012202FA03F31A4612
:103FB0007868FFF767FF78680837BD4680BD80B531
:103FC00082B000AF786039607B6839681846FFF7C7
:103FD00091FF7B6818460837BD4680BD80B586B026
:103FE00000AFF860B9607A6007F110037A68B968C9
:103FF000184600F00BF8FB6807F11002114618464E
:10400000FFF7C9FFF8681837BD4680BD80B584B09A
:1040100000AFF860B9607A60FB68BA6892E80300A4
:1040200083E803007968F868FFF7C9FF00BFF86804
:104030001037BD4680BD000080B582B002AF00F0F1
:1040400073FD094B1A68094B1968094B1B680093EB
:104050000B460021074800F03EFD0749054800F0E7
:1040600056FD00BFBD4680BD100200201C0400208C
:1040700020040020D80300200000404080B400AF9E
:10408000034B00221A6000BFBD4680BC704700BFD2
:10409000D4030020B0B58CB000AF284B1B68032BB5
:1040A00001DD002445E0FFF779FDC7E90801244B55
:1040B000D3E90023D7E90801841A61EB0305B4F5BD
:1040C000FA7F75F1000301D2012432E03B1D18464E
:1040D00000F052FB0023FB620023BB6214E0BA6ACB
:1040E00007F11803391D184600F023FA07F11803E9
:1040F0001846FFF7D9FE0346002B02D0FB6A0133B6
:10410000FB62BB6A0133BB62BB6A042BE7DDFB6A5F
:10411000032B09DD094B1B680133084A136008496A
:10412000D7E90823C1E9002301243B1D184600F00C
:10413000F3F9234618463037BD46B0BDD4030020FE
:104140001004002090B5ABB000AFFFF7A3FF03460B
:1041500083F00103DBB2002B0CD000210120FFF71C
:1041600083FB00210220FFF77FFB4FF47A7001F000
:1041700081FECAE13B1D184600F0FEFA07F1180364
:10418000391D0022184600F0D4F907F1180318462B
:10419000FFF78AFE034683F00103DBB2002B47D111
:1041A00007F12003391D0122184600F0C2F907F17A
:1041B00020031846FFF778FE034683F00103DBB2C5
:1041C000002B35D107F12803391D0222184600F0D3
:1041D000B0F907F128031846FFF766FE034683F09F
:1041E0000103DBB2002B23D107F13003391D032279
:1041F000184600F09EF907F130031846FFF754FE09
:10420000034683F00103DBB2002B11D107F1380321
:10421000391D0422184600F08CF907F138031846BE
:10422000FFF742FE034683F00103DBB2002B01D00F
:10423000012300E00023002B00F0848007F14003FD
:10424000391D0022184600F074F907F140031846A2
:10425000FFF72AFE0346012B1FD107F14803391D42
:104260000122184600F065F907F148031846FFF7E8
:104270001BFE0346012B10D107F15003391D02220A
:10428000184600F056F907F150031846FFF70CFEE8
:104290000346012B01D1012300E00023002B0FD0A6
:1042A00000210120FFF7E0FA994B1B689B0019469B
:1042B0000220FFF7D9FA322001F0DCFD00241FE1D3
:1042C00007F15803391D0222184600F032F907F1B0
:1042D00058031846FFF7E8FD0346012B1FD107F1ED
:1042E0006003391D0322184600F023F907F160032B
:1042F0001846FFF7D9FD0346012B10D107F16803DB
:10430000391D0422184600F014F907F16803184615
:10431000FFF7CAFD0346012B01D1012300E0002372
:10432000002B0FD07A4B1B689B0019460120FFF72A
:104330009BFA00210220FFF797FA322001F09AFD44
:104340000024DDE007F17003391D0022184600F05B
:10435000F0F807F170031846FFF7A6FD03461C4668
:1043600007F17803391D0422184600F0E2F807F13E
:1043700078031846FFF798FD03469C4214BF0123BB
:104380000023DBB2002B2ED007F18003391D002261
:10439000184600F0CEF807F180031846FFF784FDB9
:1043A0000346002B0FD05A4B1B6819460120FFF71C
:1043B0005BFA574B1A6813465B00134419460220F8
:1043C000FFF752FA9BE0524B1A6813465B00134406
:1043D00019460120FFF748FA4D4B1B681946022089
:1043E000FFF742FA8BE007F18803391D01221846D6
:1043F00000F09FF807F188031846FFF755FD0346C4
:104400001C4607F19003391D0322184600F091F86D
:1044100007F190031846FFF747FD03469C4214BF7F
:1044200001230023DBB2002B30D007F19803391DA4
:104430000122184600F07DF807F198031846FFF7AF
:1044400033FD0346002B10D0314B1B685B0019462F
:104450000120FFF709FA2E4B1A6813465B0013443C
:1044600019460220FFF700FA49E0294B1A68134663
:104470005B00134419460120FFF7F6F9244B1B6833
:104480005B0019460220FFF7EFF938E007F1A003BF
:10449000391D0222184600F04CF807F1A003184617
:1044A000FFF702FD0346002B29D0194B1B68184665
:1044B000FBF7A8FF4FF00002164BFCF70DF8024681
:1044C0000B4610461946FCF7B7FA03461946012079
:1044D000FFF7CAF90E4B1B681846FBF793FF4FF026
:1044E00000020C4BFBF7F8FF02460B46104619463C
:1044F000FCF7A2FA034619460220FFF7B5F901249A
:104500003B1D184600F008F8012CAC37BD4690BDA5
:10451000040200200000124080B582B000AF786035
:104520007B68184600F029F87B6818460837BD46B6
:1045300080BD80B586B000AFF860B9607A6007F1E1
:104540001003B968184600F028F87A68FB6807F18C
:1045500010011846FFF742FD00BFF8681837BD4646
:1045600080BD80B582B000AF7860786800F025F833
:104570007B6818460837BD4680BD80B582B000AF65
:104580007860786800F025F87B681846FFF7E9FF47
:104590007B6818460837BD4680BD80B582B000AF45
:1045A000786039603B681B68002219467868FFF71D
:1045B000E1FC78680837BD4680BD80B582B000AFA9
:1045C0007860786800F02AF87B6818460837BD469E
:1045D00080BD80B584B000AF78607B681B68002B1D
:1045E00018D07B68184600F023F802467B681B68E9
:1045F000D31A9B10FB6078687B681A69FB689B0084
:104600005B421344FA68194600F028F87B681846A4
:1046100000F033F800BF1037BD4680BD80B483B0D2
:1046200000AF78607B6818460C37BD4680BC704789
:1046300080B582B000AF78607B681B69002B08D022
:104640007B681B69043B184600F02CF803460433D2
:1046500000E0002318460837BD4680BD80B584B011
:1046600000AFF860B9607A607A68B968F86800F0FD
:1046700023F800BF1037BD4680BDB0B588B000AF8D
:10468000786007F10C03184600F025F87B681D469A
:1046900007F10C040FCC0FC523682B6000BF203737
:1046A000BD46B0BD80B483B000AF78607B6818466B
:1046B0000C37BD4680BC704780B584B000AFF86051
:1046C000B9607A607B689B001946B86804F01DFFEA
:1046D0001037BD4680BD80B582B000AF78607B6882
:1046E0001846FFF738FC7B6808331846FFF733FCA1
:1046F0007B6800221A617B6818460837BD4680BD7A
:1047000080B483B000AF78600B46FB70FB78002B61
:1047100009D07B681B6819687B685A687B681B68CE
:104720000A431A6009E07B681B6819687B685B684C
:10473000DA437B681B680A401A607B6818460C37AE
:10474000BD4680BC704780B584B000AFF860B960EA
:104750001346FB71FB79002B02D04FF0FF3100E0D4
:104760000021BB689B001A46F868FDF7E8F800BF17
:104770001037BD4680BD000090B589B000AF7860AD
:104780000023FB7207F10C03184600F041F807F113
:104790000C0307F10B020521786800F051F807F1CE
:1047A0000C03184600F040F80A23BB610023FB61AC
:1047B00021E0154AFB6952F823201449FB6931F8BE
:1047C00013301946104602F00DF90346002B0CBFBA
:1047D00001230023DCB2FA6907F110037968184657
:1047E000FFF7A7FE07F1100321461846FFF788FFE1
:1047F000FB690133FB61FA69BB699A42D9DB00BFEF
:1048000078682437BD4690BDC8010020F001002023
:1048100080B582B000AF7860786800F02CF87B68D3
:1048200018460837BD4680BD80B582B000AF7860BD
:10483000786800F02AF87B6818460837BD4680BDC6
:1048400080B584B000AFF860B9607A603B60FB6807
:104850003968184600F023F8B968F86800F03BF8AA
:104860007B681B781946F86800F071F8FB681846F9
:104870001037BD4680BD80B483B000AF78607B68E0
:1048800018460C37BD4680BC704780B483B000AF7B
:1048900078607B6818460C37BD4680BC704790B581
:1048A00085B000AF786039607C6807F10C03396827
:1048B000184600F078F807F10C031946204600F07E
:1048C0007FF807F10C031846FFF777FE7B68184660
:1048D0001437BD4690BD90B589B000AFF860B9609F
:1048E000BB68002B2FD0FB68B968184600F07AF837
:1048F000F861B86800F08AF803469B00FA691A4428
:10490000FB681A61F869FFF7CDFE014607F1140351
:1049100000221846FFF72EFBFB681A4607F1140326
:1049200093E8030082E80300BA68FC683B4607F19D
:1049300014011846FFF76AFB04F108033A4692E8AF
:10494000030083E8030000BF2437BD4690BD80B557
:1049500084B000AF78600B46FB707B681B68FB601F
:10496000FB68002B0DD07B681846FFF761FE0246FE
:10497000FB68D31A9B101946FB781A46F868FFF7B4
:10498000E2FE00BF1037BD4680BD80B582B000AFEB
:10499000786039603968786800F044F87B681846B8
:1049A0000837BD4680BD80B582B000AF7860396001
:1049B000786800F042F87B6818460837BD4680BD2D
:1049C00080B582B000AF7860396039687868FFF7E9
:1049D000DCFF7B681846FFF77EFE7B6818460837C9
:1049E000BD4680BD90B585B000AF786039607C6809
:1049F000386800F00BF803461946204600F027F807
:104A0000F860FB6818461437BD4690BD80B483B08B
:104A100000AF78607B681F335B0918460C37BD46D2
:104A200080BC704780B483B000AF786039607B6829
:104A300018460C37BD4680BC704780B483B000AFC9
:104A400078607B6818460C37BD4680BC704780B5DF
:104A500082B000AF7860396000223968786800F071
:104A600005F8034618460837BD4680BD80B584B0BA
:104A700000AFF860B9607A60F86800F021F802468B
:104A8000BB6893428CBF01230023DBB2002B14BF11
:104A900001230023DBB2002B07D0BB68B3F1804FAA
:104AA00001D304F048FD04F043FDBB689B001846A9
:104AB00004F02DFD034600BF18461037BD4680BDEB
:104AC00080B483B000AF78606FF0604318460C3755
:104AD000BD4680BC704780B485B000AFF860B96057
:104AE0007A603B60FB68BA681A63FB687A685A614F
:104AF000FB683A689A61FB68BA69DA61FB684FF053
:104B000000021A6000BF1437BD4680BC704780B4F5
:104B100083B000AF786039607B683A681A6000BF84
:104B20000C37BD4680BC704780B582B002AF0D4BDC
:104B30001A680D4B19680D4B1B6800930B46012139
:104B40000B48FFF7C8FF074B1A68074B1968074B5C
:104B50001B6800930B4601210648FFF7BCFF00BF0E
:104B6000BD4680BD080200200C0200201804002071
:104B7000240400205804002080B586B000AF144BF8
:104B80009B69134A43F008039361114B9B6903F03F
:104B900008037B607B681123FB604FF44073BB60AC
:104BA00003237B6107F1080319460A4801F096FDCB
:104BB00001224FF48071074801F02BFF01224FF4CE
:104BC0000071044801F025FF00BF1837BD4680BDC5
:104BD00000100240000C014080B500AF01224FF4EC
:104BE00000710B4801F015FF01224FF48071084855
:104BF00001F00FFF00224FF40071054801F009FF9A
:104C000000224FF48071024801F003FF00BF80BD15
:104C1000000C014080B500AF00224FF4007108483D
:104C200001F0F7FE01224FF48071054801F0F1FE1A
:104C300001224FF40071024801F0EBFE00BF80BD7D
:104C4000000C014080B584B000AF0346FB71002327
:104C5000FB731EE0FB7B802242FA03F35AB297F902
:104C6000073013405BB2DBB21A464FF400711248B2
:104C700001F0CFFE01224FF480710F4801F0C9FE10
:104C800000224FF480710C4801F0C3FEFB7B01331E
:104C9000FB73FB7B072BDDD901224FF480710648A3
:104CA00001F0B7FE00224FF48071034801F0B1FE1D
:104CB00000BF1037BD4680BD000C014080B582B0FA
:104CC00000AF0346FB71FFF787FF7820FFF7BAFFBD
:104CD0000020FFF7B7FFFB791846FFF7B3FFFFF798
:104CE00099FF00BF0837BD4680BD80B582B000AFD8
:104CF0000346FB71FFF770FF7820FFF7A3FF40200A
:104D0000FFF7A0FFFB791846FFF79CFFFFF782FF34
:104D100000BF0837BD4680BD80B582B000AF0346F6
:104D20000A46FB711346BB71FB7963F04F03DBB29C
:104D30001846FFF7C3FFBB791B09DBB243F0100332
:104D4000DBB21846FFF7BAFFBB7903F00F03DBB203
:104D50001846FFF7B3FF00BF0837BD4680BD80B5DA
:104D600082B000AF0023BB7114E0BB79002118466C
:104D7000FFF7D2FF0023FB7105E00020FFF7B5FF2E
:104D8000FB790133FB7197F90730002BF5DABB791A
:104D90000133BB71BB79072BE7D900BF00BF0837D0
:104DA000BD4680BD80B584B000AF0346FB710B46A5
:104DB000BB7113467B71FB79013BDBB25B00DAB25E
:104DC000BB79013BDBB2DB00DBB219461046FFF7D3
:104DD000A3FF0023FB730EE07B79A3F12002FB7B92
:104DE0001C4912010A4413441B781846FFF77DFF43
:104DF000FB7B0133FB73FB7B072BEDD9FB79013B7D
:104E0000DBB25B00DBB20133DAB2BB79013BDBB270
:104E1000DB00DBB219461046FFF77EFF0023FB7371
:104E20000FE07B79A3F12002FB7B083309491201D3
:104E30000A4413441B781846FFF757FFFB7B0133E6
:104E4000FB73FB7B072BECD900BF00BF1037BD46BF
:104E500080BD00BF309C000880B584B000AF034621
:104E60003A60FB710B46BB710023FB730EE0BA790D
:104E7000FB7B1344D9B2FB7B3A6813441A78FB7965
:104E80001846FFF78FFFFB7B0133FB73FB7B3A6810
:104E900013441B78002BEAD100BF00BF1037BD467A
:104EA00080BD80B582B000AF00237B600CE00023A2
:104EB0003B6002E03B6801333B603B68B3F57A7FBF
:104EC000F8D37B6801337B607B68B3F57A7FEED3E0
:104ED000FFF752FEAE20FFF7F1FED520FFF7EEFE02
:104EE0008020FFF7EBFEA820FFF7E8FE3F20FFF74A
:104EF000E5FED320FFF7E2FE0020FFF7DFFE4020B3
:104F0000FFF7DCFEA120FFF7D9FEC820FFF7D6FE91
:104F1000DA20FFF7D3FE1220FFF7D0FE8120FFF743
:104F2000CDFECF20FFF7CAFED920FFF7C7FEF12044
:104F3000FFF7C4FEDB20FFF7C1FE3020FFF7BEFE07
:104F4000A420FFF7BBFEA620FFF7B8FE8D20FFF7D9
:104F5000B5FE1420FFF7B2FEAF20FFF7AFFEFFF75C
:104F6000FEFE00BF0837BD4680BD80B582B000AFF1
:104F70007860396039687868FBF750FF0346002B8A
:104F800004D07868FBF754FF034603E03868FBF76A
:104F90004FFF034618460837BD4680BD80B400AFBA
:104FA000054B4FF000021A60044B4FF000021A60EC
:104FB00000BFBD4680BC7047AC040020B004002098
:104FC00098B500AF254B1C680120FEF715FD034680
:104FD00019462046FFF7C9FF03461846FBF75EFE59
:104FE00003461E4A13601E4B1C680220FEF704FD98
:104FF000034619462046FFF7B8FF03461846FBF75D
:105000004DFE0346164A1360144B1B681846FBF707
:105010000BFA02460B461349134804F099FA104B59
:105020001B681846FBF700FA02460B460F4910486A
:1050300004F08EFAFFF793FE0E4A01210120FFF7DC
:105040000BFF094A01210220FFF706FF084A012150
:105050000320FFF701FF00BF98BD00BFAC04002094
:10506000B0040020809800088C040020909800086C
:105070009C040020B098000880B500AF00F098FEB6
:1050800000F01DF800F070F800F0FCF800F0EAFB0A
:1050900000F0ECF900F09AF900F068FA00F0BAFAC2
:1050A00000F016F9FEF75EFDFEF7C4FBFEF782FD89
:1050B000FEF7C2FFFFF7F5FEFEF74EFEFCE780B5F8
:1050C00090B000AF07F11803282200211846FCF722
:1050D00036FC3B1D00221A605A609A60DA601A6141
:1050E0000123BB614FF48033FB6100233B6201234A
:1050F000BB6202237B634FF48033BB634FF4E01346
:10510000FB6307F11803184600F0D8FE0346002B96
:1051100014BF01230023DBB2002B01D000F01EF8E6
:105120000F237B600223BB600023FB604FF480638E
:105130003B6100237B613B1D0221184601F040F9D1
:105140000346002B14BF01230023DBB2002B01D048
:1051500000F004F800BF4037BD4680BD80B400AF0A
:1051600072B600BF00BFFDE780B588B000AF07F1A1
:10517000100300221A605A609A60DA603D4B9B6906
:105180003C4A43F0200393613A4B9B6903F02003B0
:10519000FB60FB68374B9B69364A43F0040393611D
:1051A000344B9B6903F00403BB60BB68314B9B69C4
:1051B000304A43F0080393612E4B9B6903F00803C8
:1051C0007B607B6800223C212B4801F022FC0022FE
:1051D00001212A4801F01DFC3C233B6101237B6136
:1051E0000023BB610223FB6107F11003194622482B
:1051F00001F074FA01233B6101237B610023BB6151
:105200000223FB6107F1100319461C4801F066FAFE
:1052100002233B611A4B7B610223BB6107F1100340
:105220001946164801F05AFA4FF470433B610023C7
:105230007B610123BB6107F1100319460F4801F0A0
:105240004DFA4FF41F433B6100237B610123BB6197
:1052500007F110031946084801F040FA0022002126
:10526000072001F08AFF072001F0A3FF00BF2037CD
:10527000BD4680BD0010024000080140000C014006
:105280000000311080B582B000AF104B5B690F4A4F
:1052900043F0010353610D4B5B6903F001037B6035
:1052A0007B68002200210C2001F067FF0C2001F038
:1052B00080FF002200210D2001F05FFF0D2001F092
:1052C00078FF00BF0837BD4680BD00BF0010024018
:1052D00080B500AF124B134A1A60114B124A5A6044
:1052E0000F4B00229A600E4B0022DA600C4B4FF4F9
:1052F00080421A610A4B00225A61094B00229A61CE
:10530000074B0022DA61064B00221A62044800F0C3
:105310000BFC0346002B01D0FFF720FF00BF80BD30
:10532000B404002000540040A086010080B58AB07B
:1053300000AF786007F1140300221A605A609A6087
:10534000DA607B681B681D4A934232D11C4B9B6913
:105350001B4A43F008039361194B9B6903F0080350
:105360003B613B694FF440737B611223BB610323B4
:105370003B6207F114031946124801F0AFF9124BD2
:105380005B687B627B6A43F0E0637B627B6A43F02D
:1053900002037B620C4A7B6A5360094BDB69084A53
:1053A00043F40013D361064BDB6903F40013FB6085
:1053B000FB6800BF2837BD4680BD00BF00540040D9
:1053C00000100240000C01400000014080B586B092
:1053D00000AF07F1080300221A605A609A60DA6091
:1053E0003B4600221A605A601E4B1F4A1A601D4B32
:1053F00047225A601B4B00229A601A4B42F20F72EE
:10540000DA60184B00221A61164B00225A61154BC4
:1054100000229A61134801F0E6FE0346002B01D0FA
:10542000FFF79CFE4FF48053BB6007F10803194659
:105430000C4802F055FB0346002B01D0FFF78EFE0F
:1054400000233B6000237B603B461946054802F081
:10545000E3FE0346002B01D0FFF780FE00BF1837A4
:10546000BD4680BD08050020002C014080B58EB0EF
:1054700000AF07F1280300221A605A609A60DA60D0
:1054800007F1200300221A605A603B1D00221A60B7
:105490005A609A60DA601A615A619A61324B4FF031
:1054A00080421A60304B47225A602F4B00229A608C
:1054B0002D4B40F2E732DA602B4B00221A612A4B67
:1054C00080229A61284801F08EFE0346002B01D00D
:1054D000FFF744FE4FF48053BB6207F128031946DF
:1054E000214802F0FDFA0346002B01D0FFF736FEFB
:1054F0001D4801F019FF0346002B01D0FFF72EFED7
:1055000000233B6200237B6207F120031946164803
:1055100002F082FE0346002B01D0FFF71FFE60233E
:105520007B600023BB600023FB6000237B613B1D8D
:10553000002219460C4802F011FA0346002B01D054
:10554000FFF70CFE3B1D04221946074802F006FA3D
:105550000346002B01D0FFF701FE034800F052F98B
:1055600000BF3837BD4680BD5005002080B58CB0E7
:1055700000AF07F10C03242200211846FCF7DFF9E5
:105580003B1D00221A605A60204B214A1A601F4BB3
:1055900001225A601D4B00229A601C4B4FF6FF728D
:1055A000DA601A4B00221A61184B00229A6101231B
:1055B000FB6000233B6101237B610023BB61082367
:1055C000FB6100233B6201237B620023BB62082353
:1055D000FB6207F10C0319460C4801F09FFF0346DC
:1055E000002B01D0FFF7BAFD00237B600023BB60D6
:1055F0003B1D1946054802F00FFE0346002B01D063
:10560000FFF7ACFD00BF3037BD4680BD98050020D8
:105610000004004080B58CB000AF07F10C032422D9
:1056200000211846FCF78BF93B1D00221A605A60D6
:10563000204B214A1A601F4B01225A601D4B002249
:105640009A601C4B4FF6FF72DA601A4B00221A6107
:10565000184B00229A610123FB6000233B61012368
:105660007B610023BB610823FB6100233B620123B4
:105670007B620023BB620823FB6207F10C0319461F
:105680000C4801F04BFF0346002B01D0FFF766FDED
:1056900000237B600023BB603B1D1946054802F0D8
:1056A000BBFD0346002B01D0FFF758FD00BF30378C
:1056B000BD4680BDE00500200008004080B584B0F4
:1056C00000AF78607B681B68164A934214D1164B72
:1056D0009B69154A43F400639361134B9B6903F480
:1056E0000063FB60FB6800220021192001F045FDEA
:1056F000192001F05EFD10E07B681B68B3F1804F5C
:105700000BD1094BDB69084A43F00103D361064B17
:10571000DB6903F00103BB60BB6800BF1037BD4607
:1057200080BD00BF002C01400010024080B58AB04F
:1057300000AF786007F1180300221A605A609A607F
:10574000DA607B681B682A4A934224D1294BDB69C3
:10575000284A43F00203D361264BDB6903F00203BE
:105760007B617B69234B9B69224A43F0040393616D
:10577000204B9B6903F004033B613B69C023BB6181
:105780000023FB6100233B6207F1180319461A4806
:1057900000F0A4FF28E07B681B68184A934223D1DD
:1057A000144BDB69134A43F00403D361114BDB69EB
:1057B00003F00403FB60FB680E4B9B690D4A43F04A
:1057C000080393610B4B9B6903F00803BB60BB6844
:1057D000C023BB610023FB6100233B6207F1180378
:1057E0001946074800F07AFF00BF2837BD4680BD44
:1057F0000004004000100240000801400008004082
:10580000000C014080B588B000AF786007F110034C
:1058100000221A605A609A60DA607B681B68B3F1F4
:10582000804F17D10D4B9B690C4A43F004039361E1
:105830000A4B9B6903F00403FB60FB6803233B6195
:1058400002237B610223FB6107F110031946044820
:1058500000F044FF00BF2037BD4680BD001002406D
:105860000008014080B500AF114B124A1A60104B7E
:105870004FF416525A600E4B00229A600C4B0022D5
:10588000DA600B4B00221A61094B0C225A61084B5B
:1058900000229A61064B0022DA61054802F02CFDD5
:1058A0000346002B01D0FFF759FC00BF80BD00BFAD
:1058B000280600200048004080B588B000AF78601E
:1058C00007F1100300221A605A609A60DA607B6860
:1058D0001B68474A934240F08680464BDB69454A45
:1058E00043F48023D361434BDB6903F48023FB60E3
:1058F000FB68404B9B693F4A43F0080393613D4B73
:105900009B6903F00803BB60BB684FF480633B6195
:1059100002237B610323FB6107F11003194636481C
:1059200000F0DCFE4FF400633B6100237B61002349
:10593000BB6107F1100319462F4800F0CFFE2F4B33
:105940002F4A1A602D4B00225A602C4B00229A607D
:105950002A4B8022DA60294B00221A61274B002251
:105960005A61264B00229A61244B0022DA612348B7
:1059700001F08AF80346002B01D0FFF7EFFB7B68AC
:105980001E4ADA631D4A7B6853621E4B1E4A1A6028
:105990001C4B10225A601B4B00229A60194B80222C
:1059A000DA60184B00221A61164B00225A61154B1F
:1059B00000229A61134B0022DA61124801F064F868
:1059C0000346002B01D0FFF7C9FB7B680D4A9A63A1
:1059D0000C4A7B68536200220021272001F0CDFB96
:1059E000272001F0E6FB00BF2037BD4680BD00BF89
:1059F0000048004000100240000C014070060020EA
:105A000030000240B40600201C00024080B400AF09
:105A100000BFFDE780B400AF00BFFDE780B400AF7A
:105A200000BFFDE780B400AF00BFFDE780B400AF6A
:105A300000BFFDE780B400AF00BFBD4680BC70472B
:105A400080B400AF00BFBD4680BC704780B400AFDB
:105A500000BFBD4680BC704780B500AF00F0EEF9D6
:105A600000BF80BD80B500AF022000F0EBFF00BF9B
:105A700080BD000080B500AF024801F073F900BF9F
:105A800080BD00BFB406002080B500AF024801F021
:105A900069F900BF80BD00BF7006002080B500AF6F
:105AA000024801F06BFE00BF80BD00BF080500206A
:105AB00080B500AF024802F039FD00BF80BD00BFD5
:105AC0002806002080B485B000AF154B9B69144AAE
:105AD00043F001039361124B9B6903F00103BB6028
:105AE000BB680F4BDB690E4A43F08053D3610C4B0C
:105AF000DB6903F080537B607B680A4B5B68FB606B
:105B0000FB6823F0E063FB60FB6843F00073FB601D
:105B1000044AFB68536000BF1437BD4680BC704721
:105B2000001002400000014080B584B000AF7860F2
:105B30007B68002B01D101232BE17B6893F83D307A
:105B4000DBB2002B06D17B68002283F83C2078680A
:105B5000FFF7ECFB7B68242283F83D207B681B6801
:105B60001A687B681B6822F001021A607B681B6858
:105B70001A687B681B6842F400421A607B681B68E5
:105B80001A687B681B6822F400421A6000F060FD0E
:105B9000F8607B685B68814A934207D8FB68804A5B
:105BA000934294BF01230023DBB206E0FB687D4AE9
:105BB000934294BF01230023DBB2002B01D00123C9
:105BC000E7E0FB68784AA2FB03239B0CBB607B6881
:105BD0001B685B6823F03F017B681B68BA680A4357
:105BE0005A607B681B681B6A23F03F017B685B6817
:105BF0006A4A934202D8BB68013309E0BB684FF49C
:105C0000967202FB03F3694AA2FB03239B0901334B
:105C10007A6812680B4313627B681B68DB6923F4A4
:105C20004F4222F0FF027B685B685C498B4219D8C7
:105C3000FB68591E7B685B685B00B1FBF3F3591C82
:105C400040F6FC730B40002B0AD0FB68591E7B68A2
:105C50005B685B00B1FBF3F30133C3F30B0351E06B
:105C600004234FE07B689B68002B11D1FB68581E12
:105C70007B6859680B465B000B44B0FBF3F30133C0
:105C8000C3F30B03002B0CBF01230023DBB212E094
:105C9000FB68581E7B6859680B469B000B449900B3
:105CA0000B44B0FBF3F30133C3F30B03002B0CBF26
:105CB00001230023DBB2002B01D0012322E07B680B
:105CC0009B68002B0ED1FB68581E7B6859680B46F9
:105CD0005B000B44B0FBF3F30133C3F30B0343F45A
:105CE00000430FE0FB68581E7B6859680B469B0019
:105CF0000B4499000B44B0FBF3F30133C3F30B03E4
:105D000043F44043796809681343CB617B681B689F
:105D10001B6823F0C0017B68DA697B681B6A1A4341
:105D20007B681B680A431A607B681B689B6823F4C6
:105D3000034323F0FF037A6811697A68D26811433C
:105D40007A6812680B4393607B681B68DB6823F0FA
:105D5000FF017B685A697B689B691A437B681B68F3
:105D60000A43DA607B681B681A687B681B6842F02C
:105D700001021A607B6800221A647B68202283F883
:105D80003D207B6800221A637B68002283F83E2056
:105D9000002318461037BD4680BD00BFA086010015
:105DA0007F841E00FF083D0083DE1B43D34D62103D
:105DB00080B500AF084B1B68074A43F0100313601F
:105DC000032001F0CFF9002000F008F8FFF77AFE79
:105DD0000023184680BD00BF0020024080B582B07D
:105DE00000AF7860124B1A68124B1B7819464FF4BB
:105DF0007A73B3FBF1F3B2FBF3F3184601F0E7F962
:105E00000346002B01D001230EE07B680F2B0AD83C
:105E1000002279684FF0FF3001F0AFF9064A7B6845
:105E20001360002300E0012318460837BD4680BDFB
:105E30001C020020180200201402002080B400AFD1
:105E4000054B1B781A46054B1B681344034A136025
:105E500000BFBD4680BC704718020020F806002035
:105E600080B400AF024B1B681846BD4680BC70472B
:105E7000F806002080B584B000AF7860FFF7F0FF2F
:105E8000B8607B68FB60FB68B3F1FF3F05D00A4B4D
:105E90001B781A46FB681344FB6000BFFFF7E0FF66
:105EA0000246BB68D31AFA689A42F7D800BF00BF0F
:105EB0001037BD4680BD00BF1802002080B586B0F7
:105EC00000AF78607B68002B01D1012372E27B6810
:105ED0001B6803F00103002B00F08780924B5B6886
:105EE00003F00C03042B0CD08F4B5B6803F00C0306
:105EF000082B12D18C4B5B6803F48033B3F5803FE1
:105F00000BD1894B1B6803F40033002B6CD07B68EA
:105F10005B68002B68D101234CE27B685B68B3F5BA
:105F2000803F06D1804B1B687F4A43F48033136067
:105F30002EE07B685B68002B0CD17B4B1B687A4A98
:105F400023F480331360784B1B68774A23F4802353
:105F500013601DE07B685B68B3F5A02F0CD1724B1A
:105F60001B68714A43F4802313606F4B1B686E4AB1
:105F700043F4803313600BE06B4B1B686A4A23F4D5
:105F800080331360684B1B68674A23F480231360D7
:105F90007B685B68002B13D0FFF762FF386108E075
:105FA000FFF75EFF02463B69D31A642B01D9032336
:105FB00000E25D4B1B6803F40033002BF0D014E0CB
:105FC000FFF74EFF386108E0FFF74AFF02463B69E2
:105FD000D31A642B01D90323ECE1534B1B6803F460
:105FE0000033002BF0D100E000BF7B681B6803F09A
:105FF0000203002B63D04C4B5B6803F00C03002BB7
:106000000BD0494B5B6803F00C03082B1CD1464BAB
:106010005B6803F48033002B16D1434B1B6803F0FD
:106020000203002B05D07B681B69012B01D00123E3
:10603000C0E13D4B1B6823F0F8027B685B69DB0025
:10604000394913430B603AE07B681B69002B20D071
:10605000364B01221A60FFF703FF386108E0FFF7B3
:10606000FFFE02463B69D31A022B01D90323A1E1AB
:106070002D4B1B6803F00203002BF0D02A4B1B684A
:1060800023F0F8027B685B69DB00274913430B6050
:1060900015E0264B00221A60FFF7E2FE386108E0A7
:1060A000FFF7DEFE02463B69D31A022B01D9032318
:1060B00080E11D4B1B6803F00203002BF0D17B68CD
:1060C0001B6803F00803002B3AD07B689B69002B08
:1060D00019D0174B01221A60FFF7C2FE386108E0A1
:1060E000FFF7BEFE02463B69D31A022B01D90323F8
:1060F00060E10D4B5B6A03F00203002BF0D001203E
:1061000000F0CEFA1CE00A4B00221A60FFF7A8FE4E
:1061100038610FE0FFF7A4FE02463B69D31A022B59
:1061200008D9032346E100BF0010024000004242AC
:1061300080044242924B5B6A03F00203002BE9D1D8
:106140007B681B6803F00403002B00F0A68000238B
:10615000FB758B4BDB6903F08053002B0DD1884B13
:10616000DB69874A43F08053D361854BDB6903F0D9
:106170008053BB60BB680123FB75824B1B6803F433
:106180008073002B18D17F4B1B687E4A43F48073C9
:106190001360FFF765FE386108E0FFF761FE024615
:1061A0003B69D31A642B01D9032303E1754B1B68A8
:1061B00003F48073002BF0D07B68DB68012B06D1E1
:1061C0006F4B1B6A6E4A43F0010313622DE07B683C
:1061D000DB68002B0CD16A4B1B6A694A23F0010370
:1061E0001362674B1B6A664A23F0040313621CE0C8
:1061F0007B68DB68052B0CD1614B1B6A604A43F05E
:10620000040313625E4B1B6A5D4A43F00103136291
:106210000BE05B4B1B6A5A4A23F001031362584B95
:106220001B6A574A23F0040313627B68DB68002B68
:1062300015D0FFF715FE38610AE0FFF711FE0246A0
:106240003B69D31A41F28832934201D90323B1E06A
:106250004B4B1B6A03F00203002BEED014E0FFF758
:10626000FFFD38610AE0FFF7FBFD02463B69D31AE8
:1062700041F28832934201D903239BE0404B1B6AD1
:1062800003F00203002BEED1FB7D012B05D13C4B2B
:10629000DB693B4A23F08053D3617B68DB69002BC9
:1062A00000F08780364B5B6803F00C03082B61D04D
:1062B0007B68DB69022B46D1334B00221A60FFF763
:1062C000CFFD386108E0FFF7CBFD02463B69D31AEA
:1062D000022B01D903236DE0294B1B6803F00073E7
:1062E000002BF0D17B681B6AB3F5803F08D1244BAB
:1062F0005B6823F400327B689B68214913434B6041
:106300001F4B5B6823F474127B68196A7B685B6AB5
:106310000B431B4913434B601B4B01221A60FFF7D1
:106320009FFD386108E0FFF79BFD02463B69D31AE9
:10633000022B01D903233DE0114B1B6803F00073CE
:10634000002BF0D035E0104B00221A60FFF788FDDB
:10635000386108E0FFF784FD02463B69D31A022B3F
:1063600001D9032326E0064B1B6803F00073002BC2
:10637000F0D11EE07B68DB69012B07D1012319E016
:106380000010024000700040600042420B4B5B680E
:10639000FB60FB6803F480327B681B6A9A4206D17B
:1063A000FB6803F470127B685B6A9A4201D0012398
:1063B00000E0002318461837BD4680BD001002409B
:1063C00080B584B000AF786039607B68002B01D164
:1063D0000123D0E06A4B1B6803F007033A689A4236
:1063E00010D9674B1B6823F0070265493B681343CC
:1063F0000B60634B1B6803F007033A689A4201D0B5
:106400000123B8E07B681B6803F00203002B20D057
:106410007B681B6803F00403002B05D0594B5B68B5
:10642000584A43F4E06353607B681B6803F0080339
:10643000002B05D0534B5B68524A43F460535360C2
:10644000504B5B6823F0F0027B689B684D49134317
:106450004B607B681B6803F00103002B40D07B6816
:106460005B68012B07D1474B1B6803F40033002BFB
:1064700015D101237FE07B685B68022B07D1414B7C
:106480001B6803F00073002B09D1012373E03D4B1F
:106490001B6803F00203002B01D101236BE0394B91
:1064A0005B6823F003027B685B68364913434B60EB
:1064B000FFF7D6FCF8600AE0FFF7D2FC0246FB6863
:1064C000D31A41F28832934201D9032353E02D4B72
:1064D0005B6803F00C027B685B689B009A42EBD11F
:1064E000274B1B6803F007033A689A4210D2244BEB
:1064F0001B6823F0070222493B6813430B60204BC3
:106500001B6803F007033A689A4201D0012332E086
:106510007B681B6803F00403002B08D0194B5B68F1
:1065200023F4E0627B68DB68164913434B607B68A9
:106530001B6803F00803002B09D0124B5B6823F49F
:1065400060527B681B69DB000E4913434B6000F00F
:1065500021F802460B4B5B681B0903F00F030A4945
:10656000CB5C22FA03F3094A1360094B1B681846F7
:10657000FFF734FC002318461037BD4680BD00BF2E
:10658000002002400010024034A200081C0200203B
:106590001402002080B487B000AF0023FB6000230A
:1065A000BB6000237B6100237B6000233B611E4BAB
:1065B0005B68FB60FB6803F00C03042B02D0082B24
:1065C00003D027E0194B3B6127E0FB689B0C03F0ED
:1065D0000F03174AD35C7B60FB6803F48033002B06
:1065E00010D0114B5B685B0C03F00103114AD35CC4
:1065F000BB607B680D4A03FB02F2BB68B2FBF3F39E
:106600007B6104E07B680C4A02FB03F37B617B69DE
:106610003B6102E0054B3B6100BF3B6918461C37FC
:10662000BD4680BC704700BF0010024000127A00D7
:1066300020A2000830A2000800093D0080B400AF8D
:10664000024B1B681846BD4680BC70471C020020E8
:1066500080B500AFFFF7F2FF0246054B5B681B0AEF
:1066600003F007030349CB5C22FA03F3184680BD0D
:106670000010024044A2000880B500AFFFF7DEFF23
:106680000246054B5B68DB0A03F007030349CB5C5A
:1066900022FA03F3184680BD0010024044A200080D
:1066A00080B485B000AF78600A4B1B680A4AA2FB31
:1066B00003235B0A7A6802FB03F3FB6000BFFB68FD
:1066C0005A1EFA60002BF9D100BF00BF1437BD4637
:1066D00080BC70471C020020D34D621080B48BB088
:1066E00000AF7860396000237B6200233B6269E180
:1066F00001227B6A02FA03F3FB613B681B68FA69BB
:106700001340BB61BA69FB699A4240F058813B680B
:106710005B689A4A93425ED0984A934275D8984AE9
:10672000934258D0964A93426FD8964A934252D099
:10673000944A934269D8944A93424CD0924A9342E5
:1067400063D8924A934246D0904A93425DD8122B26
:106750002AD8122B59D801A252F823F0D767000883
:10676000B1670008C3670008056800080B680008E7
:106770000B6800080B6800080B6800080B6800082D
:106780000B6800080B6800080B6800080B6800081D
:106790000B6800080B6800080B6800080B6800080D
:1067A000B9670008CD670008794A934213D02CE0FE
:1067B0003B68DB683B6229E03B68DB6804333B6293
:1067C00024E03B68DB6808333B621FE03B68DB6822
:1067D0000C333B621AE03B689B68002B02D1042318
:1067E0003B6213E03B689B68012B05D108233B62A9
:1067F0007B68FA691A6109E008233B627B68FA69E1
:106800005A6103E000233B6200E000BFBB69FF2B3D
:1068100001D87B6801E07B6804337B61BB69FF2B97
:1068200002D87B6A9B0002E07B6A083B9B003B61CD
:106830007B691A680F213B6901FA03F3DB431A40B5
:10684000396A3B6901FA03F31A437B691A603B68B2
:106850005B6803F08053002B00F0B1804D4B9B69C7
:106860004C4A43F0010393614A4B9B6903F00103D7
:10687000BB60BB68484A7B6A9B08023352F82330EE
:10688000FB607B6A03F003039B000F2202FA03F311
:10689000DB43FA681340FB607B68404A934213D0A5
:1068A0007B683F4A93420DD07B683E4A934207D0B3
:1068B0007B683D4A934201D1032306E0042304E0B0
:1068C000022302E0012300E000237A6A02F00302BF
:1068D00092009340FA681343FB602F497B6A9B0840
:1068E0000233FA6841F823203B685B6803F48013A5
:1068F000002B06D02D4B9A682C49BB6913438B6043
:1069000006E02A4B9A68BB69DB43284913408B6039
:106910003B685B6803F40013002B06D0234BDA6856
:106920002249BB691343CB6006E0204BDA68BB69A0
:10693000DB431E491340CB603B685B6803F40033C4
:10694000002B06D0194B5A681849BB6913434B609A
:1069500006E0164B5A68BB69DB43144913404B6091
:106960003B685B6803F48033002B21D00F4B1A681F
:106970000E49BB6913430B6021E000BF00003210D9
:106980000000311000002210000021100000121041
:1069900000001110001002400000014000080140FA
:1069A000000C0140001001400014014000040140AF
:1069B0000B4B1A68BB69DB43094913400B607B6AC8
:1069C00001337B623B681A687B6A22FA03F3002B6F
:1069D0007FF48EAE00BF00BF2C37BD4680BC704731
:1069E0000004014080B485B000AF78600B467B8026
:1069F0007B689A687B881340002B02D00123FB73CD
:106A000001E00023FB73FB7B18461437BD4680BCB6
:106A1000704780B483B000AF78600B467B8013462C
:106A20007B707B78002B03D07A887B681A6103E047
:106A30007B881A047B681A6100BF0C37BD4680BC96
:106A40007047000080B582B000AF0346FB80084B62
:106A50005A69FB881340002B06D0054AFB88536116
:106A6000FB88184600F006F800BF0837BD4680BD19
:106A70000004014080B483B000AF0346FB8000BF38
:106A80000C37BD4680BC704780B485B000AF7860DD
:106A90000023FB607B68002B01D1012343E07B686E
:106AA0001B681A46224B1344224AA2FB03231B09EC
:106AB0009A007B681A647B681F4ADA637B6802224B
:106AC00083F821207B681B681B68FB60FB6823F44C
:106AD0007F5323F03003FB607B685A687B689B68B8
:106AE0001A437B68DB681A437B681B691A437B681F
:106AF0005B691A437B689B691A437B68DB691343B4
:106B0000FA681343FB607B681B68FA681A607B684D
:106B100000229A637B68012283F821207B6800228F
:106B200083F82020002318461437BD4680BC7047E8
:106B3000F8FFFDBFCDCCCCCC0000024080B586B0C4
:106B400000AFF860B9607A603B600023FB75FB68BA
:106B500093F82030012B01D102234BE0FB68012286
:106B600083F82020FB6893F82130DBB2012B3AD167
:106B7000FB68022283F82120FB6800229A63FB68ED
:106B80001B681A68FB681B6822F001021A603B68E8
:106B90007A68B968F86800F0EBF9FB68DB6A002BEB
:106BA00008D0FB681B681A68FB681B6842F00E027D
:106BB0001A600FE0FB681B681A68FB681B6822F00C
:106BC00004021A60FB681B681A68FB681B6842F0C5
:106BD0000A021A60FB681B681A68FB681B6842F0AF
:106BE00001021A6005E0FB68002283F820200223DE
:106BF000FB75FB7D18461837BD4680BD80B485B057
:106C000000AF78600023FB737B6893F82130DBB220
:106C1000022B08D07B6804229A637B68002283F8E9
:106C20002020012320E07B681B681A687B681B68B2
:106C300022F00E021A607B681B681A687B681B686A
:106C400022F001021A607B681A6C7B68DB6B012101
:106C500001FA02F25A607B68012283F821207B68E6
:106C6000002283F82020FB7B18461437BD4680BCE9
:106C70007047000080B584B000AF78600023FB73DC
:106C80007B6893F82130DBB2022B05D07B680422AD
:106C90009A630123FB7351E07B681B681A687B6869
:106CA0001B6822F00E021A607B681B681A687B68FA
:106CB0001B6822F001021A607B681B68224A93421B
:106CC00029D07B681B68214A934222D07B681B68CD
:106CD0001F4A93421AD07B681B681E4A934212D007
:106CE0007B681B681C4A93420AD07B681B681B4A5E
:106CF000934202D14FF480130EE04FF080730BE00B
:106D00004FF4803308E04FF4805305E04FF4807374
:106D100002E0102300E00123114A53607B68012246
:106D200083F821207B68002283F820207B685B6B3E
:106D3000002B03D07B685B6B78689847FB7B184619
:106D40001037BD4680BD00BF080002401C00024055
:106D50003000024044000240580002406C000240F3
:106D60000000024080B584B000AF78607B68DB6BC8
:106D70001B68FB607B681B681B68BB607B681B6CC7
:106D800004229A40FB681340002B4FD0BB6803F0ED
:106D90000403002B4AD07B681B681B6803F02003A8
:106DA000002B07D17B681B681A687B681B6822F080
:106DB00004021A607B681B68664A934229D07B688C
:106DC0001B68654A934222D07B681B68634A9342E2
:106DD0001AD07B681B68624A934212D07B681B689A
:106DE000604A93420AD07B681B685F4A934202D193
:106DF0004FF480030EE04FF080630BE04FF48023EC
:106E000008E04FF4804305E04FF4806302E0402344
:106E100000E00423554A53607B68DB6A002B00F0D6
:106E200094807B68DB6A786898478EE07B681B6C8F
:106E300002229A40FB681340002B56D0BB6803F037
:106E40000203002B51D07B681B681B6803F02003F2
:106E5000002B0BD17B681B681A687B681B6822F0CB
:106E60000A021A607B68012283F821207B681B6874
:106E7000384A934229D07B681B68374A934222D014
:106E80007B681B68354A93421AD07B681B68344A7A
:106E9000934212D07B681B68324A93420AD07B68C7
:106EA0001B68314A934202D14FF400130EE04FF0B9
:106EB00000730BE04FF4003308E04FF4005305E09B
:106EC0004FF4007302E0202300E00223274A5360BE
:106ED0007B68002283F820207B689B6A002B34D0DB
:106EE0007B689B6A786898472FE07B681B6C082258
:106EF0009A40FB681340002B28D0BB6803F00803BE
:106F0000002B23D07B681B681A687B681B6822F003
:106F10000E021A607B681A6C7B68DB6B012101FA38
:106F200002F25A607B6801229A637B68012283F82F
:106F300021207B68002283F820207B681B6B002BBC
:106F400004D07B681B6B7868984700BF00BF103780
:106F5000BD4680BD080002401C00024030000240D7
:106F600044000240580002406C0002400000024011
:106F700080B485B000AFF860B9607A603B60FB68B0
:106F80001A6CFB68DB6B012101FA02F25A60FB68A4
:106F90001B683A685A60FB685B68102B08D1FB6875
:106FA0001B687A689A60FB681B68BA68DA6007E059
:106FB000FB681B68BA689A60FB681B687A68DA60CD
:106FC00000BF1437BD4680BC7047000080B485B058
:106FD00000AF78607B6803F00703FB600C4BDB6855
:106FE000BB60BA684FF6FF031340BB60FB681A0230
:106FF000BB68134343F0BF6343F40033BB60044AF0
:10700000BB68D36000BF1437BD4680BC704700BF6B
:1070100000ED00E080B400AF044BDB681B0A03F016
:1070200007031846BD4680BC704700BF00ED00E076
:1070300080B483B000AF0346FB7197F90730002B93
:107040000BDBFB7903F01F02064997F907305B0958
:10705000012000FA02F241F8232000BF0C37BD46A0
:1070600080BC704700E100E080B483B000AF03460D
:107070003960FB7197F90730002B0ADB3B68DAB205
:107080000C4997F907301201D2B20B4483F8002360
:107090000AE03B68DAB20849FB7903F00F03043BCE
:1070A0001201D2B20B441A7600BF0C37BD4680BC29
:1070B000704700BF00E100E000ED00E080B489B05F
:1070C00000AFF860B9607A60FB6803F00703FB610A
:1070D000FB69C3F10703042B28BF0423BB61FB69D1
:1070E0000433062B02D9FB69033B00E000237B61DC
:1070F0004FF0FF32BB6902FA03F3DA43BB681A4070
:107100007B699A404FF0FF317B6901FA03F3D94361
:107110007B680B40134318462437BD4680BC70473C
:1071200080B582B000AF78607B68013BB3F1807FAF
:1071300001D301230FE00A4A7B68013B53600F2112
:107140004FF0FF30FFF790FF054B00229A60044B91
:1071500007221A60002318460837BD4680BD00BFCD
:1071600010E000E080B582B000AF78607868FFF78B
:107170002DFF00BF0837BD4680BD80B586B000AF8B
:107180000346B9607A60FB7300237B61FFF742FF1F
:1071900078617A68B9687869FFF790FF024697F9D5
:1071A0000F3011461846FFF75FFF00BF1837BD4686
:1071B00080BD80B582B000AF0346FB7197F9073000
:1071C0001846FFF735FF00BF0837BD4680BD80B5C4
:1071D00082B000AF78607868FFF7A2FF03461846D8
:1071E0000837BD4680BD80B582B000AF78607B684F
:1071F000002B01D1012341E07B6893F83D30DBB2E5
:10720000002B06D17B68002283F83C207868FEF7CB
:1072100055FA7B68022283F83D207B681A687B68F8
:1072200004331946104600F047FD7B68012283F8BD
:1072300046207B68012283F83E207B68012283F888
:107240003F207B68012283F840207B68012283F87D
:1072500041207B68012283F842207B68012283F869
:1072600043207B68012283F844207B68012283F855
:1072700045207B68012283F83D200023184608370B
:10728000BD4680BD80B485B000AF78607B6893F860
:107290003D30DBB2012B01D001233AE07B680222B2
:1072A00083F83D207B681B68DA687B681B6842F0C6
:1072B0000102DA607B681B68184A93420ED07B6833
:1072C0001B68B3F1804F09D07B681B68144A934256
:1072D00004D07B681B68134A934211D17B681B68FA
:1072E0009B6803F00703FB60FB68062B10D07B68EC
:1072F0001B681A687B681B6842F001021A6007E08D
:107300007B681B681A687B681B6842F001021A6080
:10731000002318461437BD4680BC7047002C01403E
:10732000000400400008004080B582B000AF7860E3
:107330007B68002B01D1012341E07B6893F83D304D
:10734000DBB2002B06D17B68002283F83C207868F2
:1073500000F039F87B68022283F83D207B681A68C8
:107360007B6804331946104600F0A6FC7B680122B6
:1073700083F846207B68012283F83E207B68012247
:1073800083F83F207B68012283F840207B6801223C
:1073900083F841207B68012283F842207B68012228
:1073A00083F843207B68012283F844207B68012214
:1073B00083F845207B68012283F83D20002318468E
:1073C0000837BD4680BD80B483B000AF786000BF91
:1073D0000C37BD4680BC704780B584B000AF786084
:1073E00039603B68002B09D17B6893F83E30DBB2F3
:1073F000012B14BF01230023DBB222E03B68042BE6
:1074000009D17B6893F83F30DBB2012B14BF012315
:107410000023DBB215E03B68082B09D17B6893F8A9
:107420004030DBB2012B14BF01230023DBB208E0A4
:107430007B6893F84130DBB2012B14BF012300239A
:10744000DBB2002B01D001235EE03B68002B04D1AE
:107450007B68022283F83E2013E03B68042B04D1B2
:107460007B68022283F83F200BE03B68082B04D1A5
:107470007B68022283F8402003E07B68022283F8C5
:1074800041207B681B6801223968184600F0A0FE85
:107490007B681B681E4A934207D17B681B685A6C45
:1074A0007B681B6842F400425A647B681B68184A78
:1074B00093420ED07B681B68B3F1804F09D07B6884
:1074C0001B68144A934204D07B681B68124A93429B
:1074D00011D17B681B689B6803F00703FB60FB68A6
:1074E000062B10D07B681B681A687B681B6842F00B
:1074F00001021A6007E07B681B681A687B681B68DA
:1075000042F001021A60002318461037BD4680BDC4
:10751000002C0140000400400008004080B586B007
:1075200000AF786039607B68002B01D1012393E0C4
:107530007B6893F83D30DBB2002B06D17B680022DC
:1075400083F83C207868FEF7F1F87B68022283F824
:107550003D207B681B689B687A68126823F480432F
:1075600023F0070393607B681A687B68043319462D
:10757000104600F0A1FB7B681B689B687B617B6801
:107580001B689B693B617B681B681B6AFB603B68EF
:107590001B687A6913437B613B6923F4407323F0D2
:1075A00003033B613B689A683B689B691B0213437A
:1075B0003A6913433B613B6923F4406323F00C03B6
:1075C0003B613B6923F4704323F0F0033B613B686C
:1075D000DA683B68DB691B0213433A6913433B617A
:1075E0003B681B691A013B681B6A1B0313433A691A
:1075F00013433B61FB6823F02203FB603B685A683E
:107600003B685B691B011343FA681343FB607B68AB
:107610001B687A699A607B681B683A699A617B6823
:107620001B68FA681A627B68012283F846207B682F
:10763000012283F83E207B68012283F83F207B688B
:10764000012283F842207B68012283F843207B6873
:10765000012283F83D20002318461837BD4680BD1F
:1076600080B584B000AF786039607B6893F83E30B5
:10767000FB737B6893F83F30BB737B6893F84230B1
:107680007B737B6893F843303B733B68002B10D1CE
:10769000FB7B012B02D17B7B012B01D0012369E015
:1076A0007B68022283F83E207B68022283F8422016
:1076B00031E03B68042B10D1BB7B012B02D13B7B1B
:1076C000012B01D0012355E07B68022283F83F2083
:1076D0007B68022283F843201DE0FB7B012B08D14D
:1076E000BB7B012B05D17B7B012B02D13B7B012B8B
:1076F00001D001233EE07B68022283F83E207B68B4
:10770000022283F83F207B68022283F842207B68B4
:10771000022283F843203B68002B03D03B68042BF4
:1077200008D00FE07B681B6801220021184600F09A
:107730004FFD16E07B681B6801220421184600F00B
:1077400047FD0EE07B681B6801220021184600F00F
:107750003FFD7B681B6801220421184600F038FDBC
:1077600000BF7B681B681A687B681B6842F00102D7
:107770001A60002318461037BD4680BD80B584B01E
:1077800000AF78607B681B68DB68FB607B681B6808
:107790001B69BB60BB6803F00203002B20D0FB68B1
:1077A00003F00203002B1BD07B681B686FF0020202
:1077B0001A617B6801221A777B681B689B6903F05A
:1077C0000303002B03D0786800F05AFA05E07868CC
:1077D00000F04DFA786800F05CFA7B6800221A77B6
:1077E000BB6803F00403002B20D0FB6803F0040304
:1077F000002B1BD07B681B686FF004021A617B684A
:1078000002221A777B681B689B6903F44073002B84
:1078100003D0786800F034FA05E0786800F027FAC1
:10782000786800F036FA7B6800221A77BB6803F0AC
:107830000803002B20D0FB6803F00803002B1BD0AB
:107840007B681B686FF008021A617B6804221A7754
:107850007B681B68DB6903F00303002B03D07868A7
:1078600000F00EFA05E0786800F001FA786800F0A0
:1078700010FA7B6800221A77BB6803F01003002B14
:1078800020D0FB6803F01003002B1BD07B681B6823
:107890006FF010021A617B6808221A777B681B68F8
:1078A000DB6903F44073002B03D0786800F0E8F93B
:1078B00005E0786800F0DBF9786800F0EAF97B68A9
:1078C00000221A77BB6803F00103002B0CD0FB6881
:1078D00003F00103002B07D07B681B686FF00102E7
:1078E0001A617868FCF71CF9BB6803F08003002B71
:1078F0000CD0FB6803F08003002B07D07B681B686B
:107900006FF080021A61786800F0EDFCBB6803F04C
:107910004003002B0CD0FB6803F04003002B07D082
:107920007B681B686FF040021A61786800F0BAF952
:10793000BB6803F02003002B0CD0FB6803F020038E
:10794000002B07D07B681B686FF020021A617868F3
:1079500000F0C0FC00BF1037BD4680BD80B586B0CA
:1079600000AFF860B9607A600023FB75FB6893F89C
:107970003C30012B01D10223AEE0FB68012283F8E9
:107980003C207B680C2B00F29F8001A252F823F070
:10799000C5790008C97A0008C97A0008C97A0008C0
:1079A000057A0008C97A0008C97A0008C97A00086F
:1079B000477A0008C97A0008C97A0008C97A00081D
:1079C000877A0008FB681B68B968184600F0E2F97E
:1079D000FB681B689A69FB681B6842F008029A61A1
:1079E000FB681B689A69FB681B6822F004029A61B5
:1079F000FB681B689969BB681A69FB681B680A43C6
:107A00009A6164E0FB681B68B968184600F028FAC0
:107A1000FB681B689A69FB681B6842F400629A6104
:107A2000FB681B689A69FB681B6822F480629A6194
:107A3000FB681B689969BB681B691A02FB681B68B5
:107A40000A439A6143E0FB681B68B968184600F076
:107A500071FAFB681B68DA69FB681B6842F0080270
:107A6000DA61FB681B68DA69FB681B6822F00402B4
:107A7000DA61FB681B68D969BB681A69FB681B6817
:107A80000A43DA6123E0FB681B68B968184600F016
:107A9000BBFAFB681B68DA69FB681B6842F400628A
:107AA000DA61FB681B68DA69FB681B6822F4806294
:107AB000DA61FB681B68D969BB681B691A02FB683D
:107AC0001B680A43DA6102E00123FB7500BFFB6813
:107AD000002283F83C20FB7D18461837BD4680BD48
:107AE00080B584B000AF786039600023FB737B6899
:107AF00093F83C30012B01D10223B4E07B680122D2
:107B000083F83C207B68022283F83D207B681B6859
:107B10009B68BB60BB6823F07703BB60BB6823F442
:107B20007F43BB607B681B68BA689A603B681B68D0
:107B3000B3F5005F3ED0B3F5005F00F28780B3F588
:107B4000805F00F08680B3F5805F7FD8702B1AD0FD
:107B5000702B7BD8602B50D0602B77D8502B3CD02B
:107B6000502B73D8402B58D0402B6FD8302B64D07B
:107B7000302B6BD8202B60D0202B67D8002B5CD00B
:107B8000102B5AD062E07B6818683B6899683B68A4
:107B90005A683B68DB6800F0FCFA7B681B689B68EE
:107BA000BB60BB6843F07703BB607B681B68BA6847
:107BB0009A604FE07B6818683B6899683B685A6830
:107BC0003B68DB6800F0E5FA7B681B689A687B68B5
:107BD0001B6842F480429A603CE07B6818683B680E
:107BE00059683B68DB681A4600F05CFA7B681B68E2
:107BF0005021184600F0B3FA2CE07B6818683B6807
:107C000059683B68DB681A4600F07AFA7B681B68A3
:107C10006021184600F0A3FA1CE07B6818683B68F6
:107C200059683B68DB681A4600F03CFA7B681B68C1
:107C30004021184600F093FA0CE07B681A683B6814
:107C40001B681946104600F08AFA03E00123FB7313
:107C500000E000BF7B68012283F83D207B680022A2
:107C600083F83C20FB7B18461037BD4680BD80B4AE
:107C700083B000AF786000BF0C37BD4680BC704752
:107C800080B483B000AF786000BF0C37BD4680BCC5
:107C9000704780B483B000AF786000BF0C37BD463A
:107CA00080BC704780B483B000AF786000BF0C37F1
:107CB000BD4680BC7047000080B485B000AF7860DE
:107CC00039607B681B68FB607B682F4A93420BD04E
:107CD0007B68B3F1804F07D07B682C4A934203D076
:107CE0007B682B4A934208D1FB6823F07003FB604A
:107CF0003B685B68FA681343FB607B68224A9342E7
:107D00000BD07B68B3F1804F07D07B681F4A93424A
:107D100003D07B681E4A934208D1FB6823F440736A
:107D2000FB603B68DB68FA681343FB60FB6823F089
:107D300080023B685B691343FB607B68FA681A60EA
:107D40003B689A687B68DA623B681A687B689A626B
:107D50007B680D4A934203D13B681A697B681A63BA
:107D60007B6801225A617B681B6903F00103002BC9
:107D700005D07B681B6923F001027B681A6100BF94
:107D80001437BD4680BC7047002C01400004004001
:107D90000008004080B487B000AF786039607B682D
:107DA0001B6A7B617B681B6A23F001027B681A6295
:107DB0007B685B683B617B689B69FB60FB6823F0C9
:107DC0007003FB60FB6823F00303FB603B681B68E8
:107DD000FA681343FB607B6923F002037B613B6815
:107DE0009B687A6913437B617B681C4A93420CD180
:107DF0007B6923F008037B613B68DB687A69134386
:107E00007B617B6923F004037B617B68134A9342A7
:107E100011D13B6923F480733B613B6923F4007308
:107E20003B613B685B693A6913433B613B689B6913
:107E30003A6913433B617B683A695A607B68FA6828
:107E40009A613B685A687B685A637B687A691A62F0
:107E500000BF1C37BD4680BC704700BF002C0140EE
:107E600080B487B000AF786039607B681B6A7B6143
:107E70007B681B6A23F010027B681A627B685B6870
:107E80003B617B689B69FB60FB6823F4E043FB601C
:107E9000FB6823F44073FB603B681B681B02FA68B5
:107EA0001343FB607B6923F020037B613B689B6885
:107EB0001B017A6913437B617B681D4A93420DD194
:107EC0007B6923F080037B613B68DB681B017A6977
:107ED00013437B617B6923F040037B617B68144A19
:107EE000934213D13B6923F480633B613B6923F4E4
:107EF00000633B613B685B699B003A6913433B61EC
:107F00003B689B699B003A6913433B617B683A6914
:107F10005A607B68FA689A613B685A687B689A6322
:107F20007B687A691A6200BF1C37BD4680BC704707
:107F3000002C014080B487B000AF786039607B6866
:107F40001B6A7B617B681B6A23F480727B681A6200
:107F50007B685B683B617B68DB69FB60FB6823F0E7
:107F60007003FB60FB6823F00303FB603B681B6846
:107F7000FA681343FB607B6923F400737B613B6801
:107F80009B681B027A6913437B617B681D4A93429D
:107F90000DD17B6923F400637B613B68DB681B02C6
:107FA0007A6913437B617B6923F480637B617B681F
:107FB000144A934213D13B6923F480533B613B69DC
:107FC00023F400533B613B685B691B013A6913432F
:107FD0003B613B689B691B013A6913433B617B68CA
:107FE0003A695A607B68FA68DA613B685A687B686C
:107FF000DA637B687A691A6200BF1C37BD4680BCB1
:10800000704700BF002C014080B487B000AF78609B
:1080100039607B681B6A3B617B681B6A23F4805272
:108020007B681A627B685B687B617B68DB69FB60ED
:10803000FB6823F4E043FB60FB6823F44073FB60C0
:108040003B681B681B02FA681343FB603B6923F41F
:1080500000533B613B689B681B033A6913433B61D8
:108060007B680F4A934209D17B6923F480437B618B
:108070003B685B699B017A6913437B617B687A6922
:108080005A607B68FA68DA613B685A687B681A64F0
:108090007B683A691A6200BF1C37BD4680BC7047D6
:1080A000002C014080B487B000AFF860B9607A60FE
:1080B000FB681B6A7B61FB681B6A23F00102FB689B
:1080C0001A62FB689B693B613B6923F0F0033B61EB
:1080D0007B681B013A6913433B617B6923F00A0308
:1080E0007B617A69BB6813437B61FB683A699A617B
:1080F000FB687A691A6200BF1C37BD4680BC7047B6
:1081000080B487B000AFF860B9607A60FB681B6A22
:108110007B61FB681B6A23F01002FB681A62FB6834
:108120009B693B613B6923F470433B617B681B03A4
:108130003A6913433B617B6923F0A0037B61BB6811
:108140001B017A6913437B61FB683A699A61FB689A
:108150007A691A6200BF1C37BD4680BC704780B484
:1081600085B000AF786039607B689B68FB60FB6816
:1081700023F07003FB603A68FB68134343F0070386
:10818000FB607B68FA689A6000BF1437BD4680BC0C
:10819000704780B487B000AFF860B9607A603B6028
:1081A000FB689B687B617B6923F47F437B613B6851
:1081B0001A027B681A43BB6813437A6913437B61D5
:1081C000FB687A699A6000BF1C37BD4680BC704767
:1081D00080B487B000AFF860B9607A60BB6803F024
:1081E0001F03012202FA03F37B61FB681A6A7B69B1
:1081F000DB431A40FB681A62FB681A6ABB6803F02B
:108200001F03796801FA03F31A43FB681A6200BF7F
:108210001C37BD4680BC704780B485B000AF786025
:1082200039607B6893F83C30012B01D1022346E092
:108230007B68012283F83C207B68022283F83D2082
:108240007B681B685B68FB607B681B689B68BB6026
:10825000FB6823F07003FB603B681B68FA681343FC
:10826000FB607B681B68FA685A607B681B68164A6B
:1082700093420ED07B681B68B3F1804F09D07B68B6
:108280001B68124A934204D07B681B68104A9342D1
:108290000CD1BB6823F08003BB603B685B68BA68A5
:1082A0001343BB607B681B68BA689A607B680122D5
:1082B00083F83D207B68002283F83C200023184689
:1082C0001437BD4680BC7047002C014000040040BC
:1082D0000008004080B483B000AF786000BF0C3766
:1082E000BD4680BC704780B483B000AF786000BFEB
:1082F0000C37BD4680BC704780B582B000AF786057
:108300007B68002B01D1012342E07B6893F8413068
:10831000DBB2002B06D17B68002283F8402078680E
:10832000FDF7CAFA7B68242283F841207B681B682A
:10833000DA687B681B6822F40052DA60786800F023
:1083400069FF7B681B681A697B681B6822F490428E
:108350001A617B681B685A697B681B6822F02A02D5
:108360005A617B681B68DA687B681B6842F40052BC
:10837000DA607B6800225A647B68202283F84120FF
:108380007B68202283F842207B6800225A63002306
:1083900018460837BD4680BD80B58CB000AFF86088
:1083A000B9601346FB80FB6893F84130DBB2202BA9
:1083B00056D1BB68002B02D0FB88002B01D10123D2
:1083C0004FE0BA68FB681A62FB68FA889A84FB6817
:1083D000FA88DA84FB6800225A64FB68212283F859
:1083E0004120FB689B6B214A9A62FB689B6B204A89
:1083F000DA62FB689B6B1F4A1A63FB689B6B002267
:108400005A6307F10803FB62FB68986BFB6A196803
:10841000FB681B6804331A46FB88FEF78FFBFB687A
:108420001B686FF040021A60FB681B681433BB6165
:10843000BB6953E8003F7B617B6943F08003BB620B
:10844000FB681B681433BA6A7A623B62396A7A6ADB
:1084500041E80023FB61FB69002BE5D1002300E02C
:10846000022318463037BD4680BD00BFAB8A0008E6
:10847000458B0008C98C000880B58CB000AFF8604F
:10848000B9601346FB80FB6893F84230DBB2202BC7
:1084900046D1BB68002B02D0FB88002B01D1012301
:1084A0003FE0FB6801221A63FB6800225A63FB88E5
:1084B0001A46B968F86800F051FC034687F82F3077
:1084C000FB681B6B012B25D100233B61FB681B68FC
:1084D0001B683B61FB681B685B683B613B69FB6831
:1084E0001B680C33BB61BB6953E8003F7B617B6950
:1084F00043F01003BB62FB681B680C33BA6A7A62F4
:108500003B62396A7A6A41E80023FB61FB69002B10
:10851000E5D102E0012387F82F3097F82F3000E0F3
:10852000022318463037BD4680BD000080B5BAB082
:1085300000AF78607B681B681B68C7F8E4307B6815
:108540001B68DB68C7F8E0307B681B685B69C7F8AD
:10855000DC300023C7F8D8300023C7F8D430D7F870
:10856000E43003F00F03C7F8D830D7F8D830002B29
:108570000FD1D7F8E43003F02003002B09D0D7F84F
:10858000E03003F02003002B03D0786800F084FD76
:108590005BE2D7F8D830002B00F0DE80D7F8DC3073
:1085A00003F00103002B06D1D7F8E03003F49073F9
:1085B000002B00F0D180D7F8E43003F00103002B4A
:1085C0000BD0D7F8E03003F48073002B05D07B6824
:1085D0005B6C43F001027B685A64D7F8E43003F027
:1085E0000403002B0BD0D7F8DC3003F00103002B81
:1085F00005D07B685B6C43F002027B685A64D7F855
:10860000E43003F00203002B0BD0D7F8DC3003F08A
:108610000103002B05D07B685B6C43F004027B6890
:108620005A64D7F8E43003F00803002B11D0D7F8D0
:10863000E03003F02003002B05D1D7F8DC3003F045
:108640000103002B05D07B685B6C43F008027B685C
:108650005A647B685B6C002B00F0F281D7F8E43041
:1086600003F02003002B08D0D7F8E03003F02003FC
:10867000002B02D0786800F00FFD7B681B685B69F7
:1086800003F04003002B14BF01230023DBB2C7F823
:10869000D4307B685B6C03F00803002B03D1D7F860
:1086A000D430002B4FD0786800F019FC7B681B6831
:1086B0005B6903F04003002B41D07B681B681433D7
:1086C000C7F89C30D7F89C3053E8003FC7F8983083
:1086D000D7F8983023F04003C7F8D0307B681B6888
:1086E0001433D7F8D020C7F8A820C7F8A430D7F89B
:1086F000A410D7F8A82041E80023C7F8A030D7F885
:10870000A030002BD9D17B68DB6B002B13D07B68AA
:10871000DB6B7E4A5A637B68DB6B1846FEF7AAFA6E
:108720000346002B16D07B68DB6B5B6B7A68D26BE1
:10873000104698470EE0786800F0AEF90AE07868D5
:1087400000F0AAF906E0786800F0A6F97B6800223C
:108750005A6475E100BF73E17B681B6B012B40F02D
:108760004F81D7F8E43003F01003002B00F048816C
:10877000D7F8E03003F01003002B00F04181002314
:10878000BB607B681B681B68BB607B681B685B68A1
:10879000BB60BB687B681B685B6903F04003002B10
:1087A00000F0B6807B68DB6B1B685B68A7F8BE30A7
:1087B000B7F8BE30002B00F045817B689B8DB7F881
:1087C000BE209A4280F03E817B68B7F8BE20DA85F1
:1087D0007B68DB6B9B69202B00F088807B681B68C3
:1087E0000C33C7F88830D7F8883053E8003FC7F813
:1087F0008430D7F8843023F48073C7F8B8307B68AE
:108800001B680C33D7F8B820C7F89420C7F890300D
:10881000D7F89010D7F8942041E80023C7F88C309F
:10882000D7F88C30002BD9D17B681B6814337B6759
:108830007B6F53E8003F3B673B6F23F00103C7F8B2
:10884000B4307B681B681433D7F8B420C7F8802095
:10885000FB67F96FD7F8802041E80023BB67BB6F47
:10886000002BE1D17B681B6814333B663B6E53E8F9
:10887000003FFB65FB6D23F04003C7F8B0307B6819
:108880001B681433D7F8B020FA66BB66B96EFA6E6F
:1088900041E800237B667B6E002BE3D17B682022BE
:1088A00083F842207B6800221A637B681B680C33C4
:1088B000FB64FB6C53E8003FBB64BB6C23F010030C
:1088C000C7F8AC307B681B680C33D7F8AC20BA65AE
:1088D0007B65796DBA6D41E800233B653B6D002BEC
:1088E000E3D17B68DB6B1846FEF788F97B680222D0
:1088F0005A637B689A8D7B68DB8D9BB2D31A9BB2DF
:1089000019467868FBF76EF99CE000BFA38F00085A
:108910007B689A8D7B68DB8D9BB2D31AA7F8CE302B
:108920007B68DB8D9BB2002B00F08E80B7F8CE30D9
:10893000002B00F089807B681B680C33BB63BB6B2A
:1089400053E8003F7B637B6B23F49073C7F8C83018
:108950007B681B680C33D7F8C8207A643B64396C99
:108960007A6C41E80023FB63FB6B002BE3D17B684F
:108970001B6814337B627B6A53E8003F3B623B6AAF
:1089800023F00103C7F8C4307B681B681433D7F8A1
:10899000C4203A63FB62F96A3A6B41E80023BB6288
:1089A000BB6A002BE3D17B68202283F842207B68DE
:1089B00000221A637B681B680C333B613B6953E8F8
:1089C000003FFB60FB6823F01003C7F8C0307B68F2
:1089D0001B680C33D7F8C020FA61BB61B969FA692A
:1089E00041E800237B617B69002BE3D17B68022295
:1089F0005A63B7F8CE3019467868FBF7F3F823E0EE
:108A0000D7F8E43003F08003002B09D0D7F8E0302A
:108A100003F08003002B03D0786800F0D6FA14E04E
:108A2000D7F8E43003F04003002B0ED0D7F8E03045
:108A300003F04003002B08D0786800F015FB04E039
:108A400000BF02E000BF00E000BFE837BD4680BDC8
:108A500080B483B000AF786000BF0C37BD4680BCE7
:108A6000704780B483B000AF786000BF0C37BD465C
:108A700080BC704780B483B000AF786000BF0C3713
:108A8000BD4680BC704780B483B000AF786000BF43
:108A90000C37BD4680BC704780B483B000AF7860AF
:108AA00000BF0C37BD4680BC704780B590B000AFAA
:108AB00078607B685B6AFB637B681B681B6803F0FC
:108AC0002003002B37D1FB6B0022DA84FB6B1B6881
:108AD00014337B627B6A53E8003F3B623B6A23F0BE
:108AE0008003BB63FB6B1B681433BA6B3A63FB6296
:108AF000F96A3A6B41E80023BB62BB6A002BE5D1FF
:108B0000FB6B1B680C333B613B6953E8003FFB6028
:108B1000FB6843F040037B63FB6B1B680C337A6B91
:108B2000FA61BB61B969FA6941E800237B617B693D
:108B3000002BE5D102E0F86BFFF78AFF00BF40375A
:108B4000BD4680BD80B584B000AF78607B685B6A4D
:108B5000FB60F868FFF785FF00BF1037BD4680BD9A
:108B600080B59CB000AF78607B685B6AFB667B6811
:108B70001B681B6803F02003002B72D1FB6E0022E0
:108B8000DA85FB6E1B680C33FB64FB6C53E8003F1B
:108B9000BB64BB6C23F48073BB66FB6E1B680C3339
:108BA000BA6EBA657B65796DBA6D41E800233B65A5
:108BB0003B6D002BE5D1FB6E1B681433BB63BB6BB5
:108BC00053E8003F7B637B6B23F001037B66FB6E06
:108BD0001B6814337A6E7A643B64396C7A6C41E8B2
:108BE0000023FB63FB6B002BE5D1FB6E1B6814338A
:108BF0007B627B6A53E8003F3B623B6A23F04003A1
:108C00003B66FB6E1B6814333A6E3A63FB62F96A8B
:108C10003A6B41E80023BB62BB6A002BE5D1FB6ED7
:108C2000202283F84220FB6E1B6B012B19D1FB6EB7
:108C30001B680C333B613B6953E8003FFB60FB68FA
:108C400023F01003FB65FB6E1B680C33FA6DFA61B1
:108C5000BB61B969FA6941E800237B617B69002B3C
:108C6000E5D1FB6E00225A63FB6E1B6B012B06D114
:108C7000FB6E9B8D1946F86EFAF7B4FF02E0F86EB2
:108C8000FFF7F8FE00BF7037BD4680BD80B584B0E9
:108C900000AF78607B685B6AFB60FB6801225A6307
:108CA000FB681B6B012B08D1FB689B8D5B089BB29B
:108CB0001946F868FAF796FF02E0F868FFF7E3FE56
:108CC00000BF1037BD4680BD80B584B000AF78606E
:108CD0000023FB607B685B6ABB60BB681B685B69E9
:108CE00003F08003002B14BF01230023DBB2FB60E1
:108CF000BB6893F84130DBB2212B08D1FB68002B15
:108D000005D0BB680022DA84B86800F0C1F8BB68FF
:108D10001B685B6903F04003002B14BF0123002391
:108D2000DBB2FB60BB6893F84230DBB2222B08D188
:108D3000FB68002B05D0BB680022DA85B86800F01C
:108D4000CEF8BB685B6C43F01002BB685A64B8682D
:108D5000FFF7A2FE00BF1037BD4680BD80B598B0BA
:108D600000AFF860B9601346FB80BA68FB689A628E
:108D7000FB68FA889A85FB6800225A64FB68222205
:108D800083F84220FB68DB6B3E4A9A62FB68DB6B30
:108D90003D4ADA62FB68DB6B3C4A1A63FB68DB6BBB
:108DA00000225A6307F10803FB65FB68D86BFB6878
:108DB0001B6804331946FB6D1A68FB88FDF7BEFE7D
:108DC00000233B61FB681B681B683B61FB681B68F9
:108DD0005B683B613B69FB681B69002B19D0FB6832
:108DE0001B680C333B643B6C53E8003FFB63FB6B3D
:108DF00043F48073BB65FB681B680C33BA6DFA647F
:108E0000BB64B96CFA6C41E800237B647B6C002B7B
:108E1000E5D1FB681B681433FB62FB6A53E8003F33
:108E2000BB62BB6A43F001037B65FB681B681433BC
:108E30007A6DBA637B63796BBA6B41E800233B635D
:108E40003B6B002BE5D1FB681B681433BB61BB692E
:108E500053E8003F7B617B6943F040033B65FB685F
:108E60001B6814333A6D7A623B62396A7A6A41E868
:108E70000023FB61FB69002BE5D100231846603716
:108E8000BD4680BD618B00088D8C0008C98C000830
:108E900080B489B000AF78607B681B680C33FB60DE
:108EA000FB6853E8003FBB60BB6823F0C003FB6175
:108EB0007B681B680C33FA69BA617B617969BA69AE
:108EC00041E800233B613B69002BE5D17B68202210
:108ED00083F8412000BF2437BD4680BC704780B472
:108EE00095B000AF78607B681B680C337B637B6B4D
:108EF00053E8003F3B633B6B23F49073FB647B6858
:108F00001B680C33FA6C3A64FB63F96B3A6C41E80A
:108F10000023BB63BB6B002BE5D17B681B6814335C
:108F20003B623B6A53E8003FFB61FB6923F00103AE
:108F3000BB647B681B681433BA6CFA62BB62B96AA3
:108F4000FA6A41E800237B627B6A002BE5D17B68EB
:108F50001B6B012B19D17B681B680C33FB60FB6812
:108F600053E8003FBB60BB6823F010037B647B6861
:108F70001B680C337A6CBA617B617969BA6941E824
:108F800000233B613B69002BE5D17B68202283F8FD
:108F900042207B6800221A6300BF5437BD4680BC64
:108FA000704780B584B000AF78607B685B6AFB6017
:108FB000FB680022DA85FB680022DA84F868FFF794
:108FC0006BFD00BF1037BD4680BD80B485B000AFDB
:108FD00078607B6893F84130DBB2212B3ED17B680F
:108FE0009B68B3F5805F14D17B681B69002B10D19F
:108FF0007B681B6AFB60FB681B881A467B681B68E2
:10900000C2F308025A607B681B6A9A1C7B681A626A
:1090100008E07B681B6A591C7A6811621A787B68C1
:109020001B685A607B68DB8C9BB2013B9BB27A6801
:109030001946D184002B0FD17B681B68DA687B68E6
:109040001B6822F08002DA607B681B68DA687B6844
:109050001B6842F04002DA60002300E00223184659
:109060001437BD4680BC704780B582B000AF7860D1
:109070007B681B68DA687B681B6822F04002DA6054
:109080007B68202283F841207868FFF7E1FC002309
:1090900018460837BD4680BD80B58CB000AF7860FB
:1090A0007B6893F84230DBB2222B40F0AE807B68C5
:1090B0009B68B3F5805F17D17B681B69002B13D1C8
:1090C0000023FB627B689B6ABB627B681B685B68F2
:1090D0009BB2C3F308039AB2BB6A1A807B689B6A8F
:1090E0009A1C7B689A6226E07B689B6AFB6200237D
:1090F000BB627B689B68B3F5805F07D07B689B6829
:10910000002B0AD17B681B69002B06D17B681B688A
:109110005B68DAB2FB6A1A7008E07B681B685B6800
:10912000DBB203F07F03DAB2FB6A1A707B689B6ADA
:109130005A1C7B689A627B68DB8D9BB2013B9BB2B9
:109140007A681946D185002B5DD17B681B68DA6887
:109150007B681B6822F02002DA607B681B68DA6893
:109160007B681B6822F48072DA607B681B685A692E
:109170007B681B6822F001025A617B68202283F819
:1091800042207B6800225A637B681B6B012B35D120
:109190007B6800221A637B681B680C337B617B69E8
:1091A00053E8003F3B613B6923F010037B627B681F
:1091B0001B680C337A6A3A62FB61F9693A6A41E8E2
:1091C0000023BB61BB69002BE5D17B681B681B6872
:1091D00003F01003102B0AD10023FB607B681B688F
:1091E0001B68FB607B681B685B68FB60FB687B68D7
:1091F0009B8D19467868FAF7F5FC02E07868FFF76E
:1092000039FC002302E0002300E002231846303737
:10921000BD4680BD80B584B000AF78607B681B68B8
:109220001B6923F440517B68DA687B681B680A433A
:109230001A617B689A687B681B691A437B685B6963
:109240001343BB607B681B68DB6823F4B05323F0D7
:109250000C037A681268B9680B43D3607B681B689B
:109260005B6923F440717B689A697B681B680A43D9
:109270005A617B681B682C4A934203D1FDF7FCF9C5
:10928000F86002E0FDF7E4F9F860FA6813469B0025
:1092900013449A001A447B685B689B00B2FBF3F3AB
:1092A000224AA2FB03235B091901FA6813469B00BB
:1092B00013449A001A447B685B689B00B2FBF3F28C
:1092C0001A4BA3FB02035B09642000FB03F3D31AD0
:1092D0001B013233154AA2FB03235B0903F0F003A1
:1092E0001944FA6813469B0013449A001A447B6899
:1092F0005B689B00B2FBF3F20C4BA3FB02035B0920
:10930000642000FB03F3D31A1B013233074AA2FB8C
:1093100003235B0903F00F027B681B680A449A6011
:1093200000BF1037BD4680BD003801401F85EB519E
:1093300080B400AF00BFBD4680BC704780B586B02A
:1093400000AF7860144A154BD31A7B617B693B618F
:10935000134B1B68002B02D1114B124A1A60104BA1
:109360001A687B6813443A699A4207D200F010F9F0
:1093700003460C221A604FF0FF3309E0084B1B68CC
:10938000FB60074B1A687B681344054A1360FB684F
:1093900018461837BD4680BD00500020000400006C
:1093A000FC0600200807002080B400AF0123184607
:1093B000BD4680BC704780B582B000AF7860396030
:1093C00000F0E6F8034616221A604FF0FF33184605
:1093D0000837BD4680BD80B582B000AF78604FF0E1
:1093E000FF317868FFF7E7FF00BFFDE780B586B083
:1093F00000AFF860B9607A6000237B610AE0AFF3E8
:1094000000800146BB685A1CBA60CAB21A707B69F8
:1094100001337B617A697B689A42F0DB7B6818468E
:109420001837BD4680BD80B586B000AFF860B96022
:109430007A6000237B6109E0BB685A1CBA601B7824
:109440001846AFF300807B6901337B617A697B68E2
:109450009A42F1DB7B6818461837BD4680BD80B460
:1094600083B000AF78604FF0FF3318460C37BD462D
:1094700080BC704780B483B000AF786039603B68CF
:109480004FF400525A60002318460C37BD4680BC8A
:10949000704780B483B000AF7860012318460C3762
:1094A000BD4680BC704780B485B000AFF860B9603D
:1094B0007A60002318461437BD4680BC7047000010
:1094C000FFF736FF0B480C490C4A002302E0D45842
:1094D000C4500433C4188C42F9D3094A094C002300
:1094E00001E013600432A242FBD3F8F77BFAFBF7EA
:1094F000C3FD704700000020200200205CA200088D
:109500002002002004070020FEE700F017B8012821
:1095100038BF012010B504462046F9F731F900B1F3
:1095200010BD00F00DF808B9F9F792FE8047F3E797
:1095300008B5F9F78DFE08B5F9F78AFEF9F728B9ED
:10954000024B1868BFF35B8F704700BF0007002015
:109550000EB46FF0004100B59CB01DAB02900690B8
:10956000079104910848094953F8042B05910068B4
:1095700002A9019300F06EF80022029B1A701CB041
:109580005DF804EB03B070470C0000200802FFFFF9
:10959000014B1868704700BF0C0000202DE9F04710
:1095A0001F468E688246BE420C4690460B682DD8F8
:1095B000B1F90C2012F4906F26D06569096905EBAA
:1095C0004505A3EB010905EBD5757B1C4B446D10DC
:1095D0009D4238BF1D46530527D52946F9F702F9A4
:1095E000064660B34A462169F9F7C0FDA38923F412
:1095F000906343F08003A38126614E4426603E467B
:109600006561A5EB0905A560BE4200D93E4632461C
:1096100041462068F9F7F6FF0020A3689B1BA36072
:10962000236833442360BDE8F0872A46FAF748F8F8
:1096300006460028E0D150462169F9F759F80C2375
:10964000CAF80030A3894FF0FF3043F04003A381F4
:10965000E9E700002DE9F04F98468B8907461B0685
:109660000D4614469DB010D50B6973B94021F9F72A
:10967000B9F82860286130B90C233B604FF0FF3007
:109680001DB0BDE8F08F40236B61002309932023B8
:109690008DF8293030234FF00109CDF80C80DFF828
:1096A00098818DF82A3023469A4613F8012B0AB187
:1096B000252AF9D1BAEB040B0BD05B46224629468A
:1096C0003846FFF76BFF013000F0A780099A5A4433
:1096D00009929AF80030002B00F09F8000234FF091
:1096E000FF32CDE905230AF1010A049307938DF8AF
:1096F00053301A935446052214F8011B4E48F8F7CC
:1097000098F9049AD8B9D00644BF20238DF8533075
:10971000110744BF2B238DF853309AF800302A2BC1
:1097200015D0544600204FF00A0C079A214611F834
:10973000013B303B092B4BD9B0B1079214E0A0EBB1
:10974000080309FA03F31343A2460493D2E7039BE9
:10975000191D1B680391002BBBBF5B4242F0020244
:1097600007930793B8BF049223782E2B0AD163780E
:109770002A2B32D1039B02341A1D1B68039243EA41
:10978000E3730593DFF8B4A0032250462178F8F77D
:1097900050F938B14022049BA0EB0A0082401343E9
:1097A0000134049314F8011B062225488DF8281073
:1097B000F8F73FF9002836D0224B1BBB039B073339
:1097C00023F0070308330393099B334409936AE7A3
:1097D0000C4601200CFB0232A8E700234FF00A0CD4
:1097E000194601340593204610F8012B303A092A16
:1097F00003D9002BC6D00591C4E7044601230CFB16
:109800000121F0E703AB00932A4638460E4B04A92A
:10981000F7F7D2FB421C0646D6D1AB895B063FF573
:109820002DAF09982CE703AB00932A463846064B28
:1098300004A9F7F75FFEEDE71F9C0008259C0008D0
:10984000299C0008B90F00089D950008F8B500BFD5
:10985000F8BC08BC9E467047F8B500BFF8BC08BC11
:049860009E46704769
:10986800636F756E74313A2025642C20636F756EB2
:1098780074323A20256400004C3A20252E326620A6
:10988800636D2F7300000000523A20252E326620A7
:10989800636D2F730000000063757272656E64203B
:1098A80073706565640000006D617820737065658C
:1098B800643A00494E4600696E66004E414E006E9D
:1098C800616E003000303132333435363738394143
:1098D800424344454600303132333435363738391F
:1098E80061626364656600496E66696E69747900D1
:1098F8004E614E005245454E54206D616C6C6F634D
:1099080020737563636565646564002F6275696CAF
:10991800642F676E752D746F6F6C732D666F722D63
:1099280073746D33325F31322E332E72656C312E83
:1099380032303234303932362D313731352F737277
:10994800632F6E65776C69622F6E65776C69622F1D
:109958006C6962632F7374646C69622F64746F61DD
:109968002E630042616C6C6F632073756363656579
:10997800646564002F6275696C642F676E752D7459
:109988006F6F6C732D666F722D73746D33325F3128
:10999800322E332E72656C312E32303234303932F9
:1099A800362D313731352F7372632F6E65776C69B9
:1099B800622F6E65776C69622F6C6962632F7374AE
:1099C800646C69622F6D707265632E63000000001D
:1099D80005000000190000007D00000000000000E4
:1099E8000080E03779C34143176E05B5B5B8934693
:1099F800F5F93FE9034F384D321D30F94877825A5F
:109A08003CBF737FDD4F1575000000000000F03F7C
:109A18000000000000002440000000000000594041
:109A28000000000000408F40000000000088C34094
:109A380000000000006AF8400000000080842E4109
:109A480000000000D01263410000000084D7974155
:109A58000000000065CDCD41000000205FA002425B
:109A6800000000E876483742000000A2941A6D42D0
:109A7800000040E59C30A2420000901EC4BCD642C3
:109A880000003426F56B0C430080E03779C341436E
:109A980000A0D8855734764300C84E676DC1AB43E4
:109AA800003D9160E458E143408CB5781DAF154402
:109AB80050EFE2D6E41A4B4492D54D06CFF08044DD
:109AC800F64AE1C7022DB544B49DD9794378EA44F2
:109AD8004300504F534958002E002C2066756E6382
:109AE80074696F6E3A2000617373657274696F6E82
:109AF8002022257322206661696C65643A206669B4
:109B08006C6520222573222C206C696E65202564E3
:109B1800257325730A0000202020202020202020E3
:109B28002828282828202020202020202020202005
:109B38002020202020202088101010101010101035
:109B48001010101010101004040404040404040479
:109B58000410101010101010414141414141010101
:109B680001010101010101010101010101010101DD
:109B780001011010101010104242424242420202EB
:109B880002020202020202020202020202020202AD
:109B98000202101010102000000000000000000059
:109BA80000000000000000000000000000000000AD
:109BB800000000000000000000000000000000009D
:109BC800000000000000000000000000000000008D
:109BD800000000000000000000000000000000007D
:109BE800000000000000000000000000000000006D
:109BF800000000000000000000000000000000005D
:109C0800000000000000000000000000000000004C
:109C180000000000000000232D302B2000686C4C51
:109C28000065666745464700000000000000000028
:109C38000000000000000000000000F80000000024
:109C4800000000333000000000100C06100C060065
:109C5800000000000000000040C07840C0784000CC
:109C6800043F04043F040400007088FC083000002E
:109C7800001820FF211E0000F008F000E018000086
:109C880000211C031E211E0000F00888700000003F
:109C98001E2123241927211010160E000000000091
:109CA8000000000000000000000000E018040200AE
:109CB800000000071820400000020418E00000001F
:109CC8000040201807000000404080F0804040001D
:109CD8000202010F01020200000000F00000000073
:109CE8000101011F01010100000000000000000047
:109CF80080B07000000000000000000000000000BC
:109D08000001010101010101000000000000000044
:109D180000303000000000000000000080601804DF
:109D2800006018060100000000E010080810E000BC
:109D3800000F102020100F00001010F80000000085
:109D48000020203F202000000070080808887000CC
:109D5800003028242221300000300888884830004C
:109D68000018202020110E000000C02010F800006C
:109D780000070424243F240000F808888808080005
:109D88000019212020110E0000E01088881800001A
:109D9800000F112020110E0000380808C8380800EC
:109DA8000000003F0000000000708808088870006C
:109DB800001C222121221C0000E010080810E000ED
:109DC8000000312222110F00000000C0C000000076
:109DD800000000303000000000000080000000009B
:109DE8000000806000000000000080402010080093
:109DF800000102040810200040404040404040005C
:109E08000404040404040400000810204080000036
:109E18000020100804020100007048080808F0003B
:109E28000000003036010000C030C828E810E0000B
:109E38000718272423140B000000C038E000000096
:109E4800203C23020227382008F888888870000000
:109E5800203F202020110E00C030080808083800D4
:109E6800071820202010080008F808080810E0004B
:109E7800203F202020100F0008F88888E8081000EC
:109E8800203F20202320180008F88888E8081000C0
:109E9800203F200003000000C030080808380000F8
:109EA80007182020221E020008F808000008F808F9
:109EB800203F210101213F20000808F80808000080
:109EC8000020203F2020000000000808F8080800B3
:109ED800C08080807F00000008F888C0281808002B
:109EE800203F20012638200008F808000000000064
:109EF800203F20202020300008F8F800F8F808005B
:109F0800203F003F003F200008F830C00008F80854
:109F1800203F200007183F00E01008080810E00064
:109F28000F10202020100F0008F808080808F0007B
:109F3800203F210101010000E01008080810E0009E
:109F48000F18242438504F0008F888888888700033
:109F5800203F2000030C30200070880808083800D3
:109F68000038202121221C00180808F808081800C9
:109F78000000203F2000000008F808000008F8084A
:109F8800001F202020201F000878880000C83808FB
:109F9800000007380E010000F80800F80008F80073
:109FA800033C0700073C030008186880806818080D
:109FB80020302C03032C30200838C800C83808008B
:109FC8000000203F2000000010080808C8380800DA
:109FD8002038262120201800000000FE020202007E
:109FE8000000007F40404000000C30C0000000002E
:109FF800000000010638C00000020202FE00000056
:10A00800004040407F0000000000040202020400FB
:10A018000000000000000000000000000000000038
:10A028008080808080808080000202040000000020
:10A038000000000000000000000080808080000018
:10A048000019242222223F2008F800808000000006
:10A05800003F112020110E000000008080800000C9
:10A06800000E112020201100000000808088F800D8
:10A07800000E112020103F2000008080808000000A
:10A08800001F222222221300008080F0888888186E
:10A098000020203F20200000000080808080800079
:10A0A800006B94949493600008F80080808000000E
:10A0B800203F210000203F200080989800000000E9
:10A0C8000020203F20200000000000809898000019
:10A0D80000C08080807F000008F800008080800039
:10A0E800203F24022D302000000808F8000000005E
:10A0F8000020203F20200000808080808080800019
:10A10800203F20003F20003F8080008080800000AA
:10A11800203F210000203F20000080808080000038
:10A12800001F202020201F00808000808000000069
:10A1380080FFA12020110E00000000808080800098
:10A14800000E112020A0FF80808080008080800089
:10A1580020203F21200001000000808080808000B6
:10A168000033242424241900008080E0808000002B
:10A178000000001F20200000808000000080800078
:10A18800001F202020103F208080800000808080D9
:10A1980000010E3008060100808000800080808069
:10A1A8000F300C030C300F0000808000808080008E
:10A1B8000020312E0E3120008080800000808080B9
:10A1C80080818E7018060100008080808080800069
:10A1D8000021302C2221300000000000807C020287
:10A1E80000000000003F404000000000FF000000A9
:10A1F80000000000FF0000000002027C8000000058
:10A208000040403F00000000000601010202040473
:10A21800000000000000000002030405060708090A
:10A228000A0B0C0D0E0F10100102000000000000B8
:10A2380000000000010203040607080900000000EE
:04A248000102030408
:08A24C00045FFF7F0100000028
:04A2540035010008C8
:04A2580011010008E8
:10A25C0000000000030000003C0200201000002061
:10A26C00000000003C020020A40200200C0300208F
:10A27C0000000000000000000000000000000000D2
:10A28C0000000000000000000000000000000000C2
:10A29C0000000000000000000000000000000000B2
:10A2AC00000000000000000000000000430000005F
:10A2BC000000000000000000000000000000000092
:10A2CC00000000000000000000000000430000003F
:10A2DC000000000000000000000000000000000072
:10A2EC00000000000000000000000000430000001F
:10A2FC000000000000000000000000000000000052
:10A30C0000000000000000000000000043000000FE
:10A31C000000000000000000000000000000000031
:10A32C0000000000000000000000000043000000DE
:10A33C000000000000000000000000000000000011
:10A34C0000000000000000000000000043000000BE
:10A35C0000000000000000000000000000000000F1
:10A36C00000000000000000000000000430000009E
:10A37C0000000000000000000000000000000000D1
:10A38C000000000000000000000000001132000876
:10A39C00ED310008000000001E9B0008E09A000848
:10A3AC001D9B00081D9B00081D9B00081D9B0008A1
:10A3BC001D9B00081D9B00081D9B00081D9B000891
:10A3CC001D9B0008FFFFFFFFFFFFFFFFFFFFFFFFCD
:10A3DC00FFFF000001004153434949000000000009
:10A3EC000000000000000000000000000000000061
:10A3FC0000000000000041534349490000000000E8
:10A40C000000000000000000000000000000000040
:10A41C000000000000000000000C0140000C014096
:10A42C00000C0140000C01400008014000080140F4
:10A43C0000080140000801400008014000080140EC
:10A44C000010002000400080000100020004000801
:10A45C000010008096000000000020410000204108
:10A46C0000002041100000000100000000127A00E2
:04000005080094C19A
:00000001FF
